text,score,suggested_label,label,notes
"Season 5, Episode 8 (Jim Whistling)

At the beginning of the episode Jim is whistling a tune while pouring coffee. For a decade now I have not known what that tune is, and it's been driving me crazy. Please, does anyone know what that's from? Save my sanity... lol",2,analysis,analysis,
"Randos in Episode 6

After watching The Office WELL over a dozen times from beginning to end, I started to only go back to my favorite episodes. Just the other day I rewatched the first season and I JUST noticed the random extras in episode 6 of season 1. Which were never explained and whom we never see again. Wild. Anyone else miss this? Also did anyone else notice that Devin is only present for the episode where Michael needs to fire him? 😂",0,analysis,analysis,
"Little drummer boy

Just finished watching all the way through for the 800,000th time. And what to do? Start on back up at season 1. Somehow I never noticed that the first time we see Dwight he’s singing Angela’s favorite song. Little drummer boy.",2,analysis,analysis,
"Dundies post michael

Do you think that andy and/or dwight continued the dundies after michael left?  And further, why did michael continue to call it the dundies after dunder mifflin was bought by sabre?",4,analysis,analysis,
"Dont you just wanna strangle Nellie Bertram to death?

I was recently rewatching the entirety of the office and im on the notorious eighth season. I had some particularly bad memories of a couple of characters like Erin or Robert California, but I kind of ended up putting up with them. But god damn is Nellie Bertram the worst character on the show by far, I really dont know what about it but shes just such an obnoxious and unlikeable character. Funny I’m saying that in a show where someone like michael scott is super likeable despite being a complete idiot sometimes.",3,analysis,analysis,
"Character names

Something I’ve always been curious about...why do some characters have the same name as the actor who plays them but others don’t? I understand the names of the lead characters were probably set (Michael, Dwight, Pam, etc.) but how did they choose the names for the supporting cast??

Angelia Martin - Angela Kinsey

Phyllis Vance - Phyllis Smith

Oscar Martinez - Oscar Nunez

Creed Bratton - Creed Bratton


Kevin Mallone /-/ Brian Baumgartner

Stanley Hudson /-/ Leslie David Baker

Meredith Palmer /-/ Kate Flannery

Kelley Kapoor /-/ Mindy Kailing",2,analysis,analysis,
"S3e15 - did he really meet her at the gym?

I don't think she ever appears again, we never hear again that he works out? What was that about?",0,analysis,analysis,
"How does the camera crew know the location of characters?

While watching the show I was intrigued by how the camera crew always knew where the characters are or would be at.
For example at the end of 'Conflict Resolution', Jim is at the Stamford branch for the interview. I'm sure that he kept it a secret from others about the interview so there was no way for the crew to know where Jim actually is.

Is it possible that the crew follows the characters right after characters leave home? Or is there some reasonable explanation?",6,analysis,analysis,
"Finished series finale

Just watched the series finale for the first time!!!

It's was so AMAZING!!! 

Only reason I didn't like it was because like everyone hated Andy for like half the episode. 

Other than that. Pure Perfection!",4,analysis,reaction,
"my favorite michael scott quote..

""if i had a gun with two bullets and i was in a room with hitler, bin laden, and toby. i would shoot toby twice"" 

feel free to share yours too!!",3,analysis,reaction,
"In Work Bus (9E4), could they really have made it in time?

Kevin says it is currently 4:40pm and the pie shop is 13 miles away, concluding that they’d have to leave immediately and drive at 55mph to get them there at 4:55pm. 

At 18 minutes to go Kevin says that at 61mph they’ll just barely make it. About 3 and a half minutes go by in show time until Dwight finally drives off, but it’s not really clear exactly how much time passes. Assuming 3.5 minutes, that gives them 14 and a half minutes to drive 13 miles.

Anybody want to do the math?",2,analysis,analysis,
"Just ended season 9 finale, kinda sad ngl

this show is just .....

probably going to watch it again in couple of years.

damn...",6,analysis,reaction,
"Anyone else like all the main characters of The Office?

I see tons of hate here for Michael, Pam and Jim (not Dwight for some reason) but I really liked them all a lot despite their flaws

I wouldn't have kept watching if I hated the main chatacters tbh.

I think some people take Sitcom characters too seriously",10,analysis,analysis,
"Will The Office leave Amazon Prime in the UK?

I know that later this year The Office is going to leave Netflix in America because of Peacock. I doubt Peacock will ever come to the UK but I'm worried that it could leave Amazon anyway. If anyone knows anything please comment.",2,analysis,reaction,
"Jan's Aim

In S4E9 ""Dinner Party"" when Jan throws the dundee at the TV it hit the center, and she made that shot from about 6-8 feet which would make her aim quite impressive even while enraged.",4,analysis,analysis,
"The Office's depiction of sexually abusive leaders in Nellie and Robert California

Just a discussion of the subtext of characters like Robert California and Nellie.   
With most people, the more you get to know them, the more evident their humanity becomes, including their flaws.   
Robert California was a manipulative sociopath and I think his also happening to be a man driven by his sexual desires is in keeping with that personality.   
Robert never seemed like his drive was money – he took over a small paper company, and the only reason that seems logical for him doing that, is that he acts on impulse. He saw the job listing, challenged himself to take the company, just to see if he could. I think he saw his personal relationships in much the same way - he acts on impulse, and sees manipulating people into doing what he wants as the sport.    
Sadly, a guy like Robert IRL is probably a sexual predator, a Jeffery Epstein type. He probably belongs in prison. His setting out to take a job in which he purposely puts himself into positions of power with underage gymnasts who might see sleeping with him as a way of furthering their educations, is kinda a dream position for a sexual predator. I think the joke was funnier  before the case of Larry Nassar (pedophile Olympic gymnast coach) and Harvey Weinstein became headlines. Now it is kinda a disturbing reminder that we put up with people like Robert California, who see positions of power as a way of getting sex. The Office writers put a ton of thought into very minor things so I think the writers realized California was the depiction of a very flawed abusive person but like with many of their characters they wrote without openly judging the character, just showing you the character's personality flaws and all and leaving it up to the audience whether they felt the character was a good guy or a bad guy. The Office has no ""villains,"" just some people who act shitty sometimes and not shitty other times.   
 Even with Nellie, who clearly traded sex as a way of getting her way in business, is an example of that terrible abuse of a position of power. What Nellie did to Dwight should have gotten her fired.  Both Nellie and Robert California are people who exist in real offices across our country and should really not be in positions of power. Every human has good qualities, and Robert's ability to manipulate was impressive and fabulously played, but I think the writers were smart to show that behind the type of person who is that manipulative and impulsive, is often an abusive personality.",8,analysis,hot_take,uncommon opinion about a commonly dicussed topic
"Scene where Andy nervously laughs about fatherly approval comment?

I'm looking for the episode where someone (Michael or RC, I can't recall) is giving a speech to the whole office, and he makes a comment about someone's father not approving of them and the camera closes up on Andy at his desk, who nervously laughs and shakes his head. Anyone know which episode this is?",3,analysis,analysis,
"Who in ur theory’s is the Scranton strangler?

The Scranton strangler was talked about in the later seasons, his identity was George Howard scub, but what if that was a cover name? Who in ur opinion from the office or sabre would be the strangler?",1,analysis,hot_take,
"Lego 3 Hole Punch Jim via Kickstarter!

Browsing through Kickstarter and found out someone is trying to make a Lego 3 Hole Punch Jim with some accessories! 

[Kickstarter Link](https://emails.kickstarter.com/ss/c/pGVEG5T9w7LP_74vNtZiwKfPhhXVwL4vO_Xv8CXD7oS0xAqVmdNuoNReCK7IhEM5Z2LccvdUV3Wlro6IHD8nb9rOLtQX9DMYbsvo_8SCKpHnM2He9KVmcyehLrnm6lye/33v/zM2oY4cGTAq5-Ri0sOpxDg/h1/-Rr5rnIh8pUxhSqEydkIvhVIWwZRgSLcRRcSoG-x07w)

[Picture!](https://i.imgur.com/ieHV8OJ.jpg)

Just thought I would share",6,analysis,analysis,"slightly irrelevant, labeled as analysis due to relation to a scene from the show"
"Unpopular: Pam was kind of bitch for pranking Dwight.

Pam was really kind of a bitch for pranking Dwight. Stuff like throwing stuff into Dwight's coffee and even sending him letters from CIA just to have some fun and laugh. That's just bullying. Dwight never knew that it was her and considered her as her best friend. Dwight never even spoke rudely to her.",0,analysis,hot_take,"contains ""unpopular"" which generally refers to an unpopular opinion, which is the same as a hot take"
"What use would the US military have for Suck-It?

Can someone who is good at science (?) explain why the military would buy the patent for what is essentially a mini vacuum-crane? Really happy for David Wallace, but the whole thing made no sense to me.",3,analysis,analysis,
"A Question

So we know that [lovely song that they sang on Michael's last day](https://www.youtube.com/watch?v=8ALsR-oWKAk). But yesterday at work, I couldn't get it out of my head and I did some calculations (keep in mind that I'm not that good at math).

9,986,000 minutes divided by 60 is 166433.33 ^(repeating of course) hours.

Divide that by 8, which is the average working hours in North America, which brings it to:

20804.166 ^(repeating of course) days.

Divide that by 313.25 days in a year (minus weekends, but not counting holidays or sick days), and that brings us to...66.4 years!

Forget Gru, Michael Scott's worked at Dunder Mifflen for 66 years and hasn't aged beyond late 30s! Is he an immortal?",7,analysis,analysis,
"Phillip Halpert and Phillip Schrute

I don’t think it’s talked about enough that Jim and Dwight both have a son named Phillip who are born couple months apart at most. Two old enemies who become friends, now gave their children a bond that even when Jim and Pam move, probably won’t be broken.",5,analysis,analysis,
"Late to the game

I’m late to the party I guess, and just only now connected/discovered that Jenna is Darlene in  Walk Hard.

E: I’m new to the office and only started late last year, so I’ve missed a lot.",2,analysis,analysis,
"The bad timeline

Imagine a world where Jim became the regional manager, hes fat balding , Pam ran off with toby and left Jim the kids. He became a sad Micheal. Who do yall think would still be there? And how do you think it would pan out?",4,analysis,analysis,
"[S4 E14 Chair Model] - Brian did an excellent job in this scene. The way Kevin expresses his happiness and sadness at the same time even reached me.

&#x200B;

https://reddit.com/link/h7n9rm/video/y75gsqcg3i451/player",2,analysis,analysis,
"I'm so proud of Angela during the paper airplane contest

She didn't accept Dwight's pity because her girlfriend made her feel embarassed and ridiculous. To give up such a big sum of money in a time when she really, really needed it was a very bold move.",8,analysis,analysis,
"Darryl's daughter is now an adult...

I'm rewatching Season 7 and I found that kind of deep.",3,analysis,analysis,
"Where was Dwight’s manager clip in the intro?

So while I’ve been on furlough I have been watching The Office for the first time, and I’m loving it. Even the seasons after Michael, I just have the very last episode to watch.

Question.......everyone that has been the manager got a little clip of them at the desk into opening intro even Creed FFS. Why didn’t Dwight?",3,analysis,analysis,
"Red Cross woman: Everyone, we need to pump at a pace of one hundred beats per minute.

Michael Scott: Ohhhkay that's, uh, hard to keep track. How many is that per hour?

Jim Halpert: How's that going to help you?

Michael Scott:I'll divide and then count to it.

""Right""",13,analysis,reaction,"no analysis, just repetition of quotes from the show"
"Jim pretending to be depressed

Am I the only one that thought Jim “pranking” Andy by pretending to be really depressed was extremely messed up. Even though Jim gave one of his “speeches” to Andy that it was a joke at the end and all that, it made Andy seem like an idiot?? Andy was literally trying to help Jim through it but felt stupid when Jim told him he was messing with him! Some people really do suffer from depression issues, and Andy just wanted to help his friend who he thought was suffering, and Jim made him seem like a fool when he confronted Andy about it, clearly on purpose. I just do not think that was at all a cool move.",7,analysis,hot_take,"giving a bold opinion about the show (""am i the only one...?"")"
"Least favorite Phillis Moment

I like Phillis, but she had a real bitchy moment in one episode, I forget which, but it’s right after everyone finds out Jim and Pam are dating.

She says to Pam: “Oh, and when you get a new client, you’re just supposed to randomly assign it to a salesman, you can’t choose based on who you’re sleeping with” Pam: “......ok” “Ok.”

I really dislike that moment, I much prefer her calling Pam a trout, it’s funnier.",8,analysis,analysis,
"Scene removal?

In season 9 episode 9 (Dwight Christmas) did Netflix get rid of the scene of Mose dressed as black Pete leaving the parking lot. I get why they would I just find it interesting because it was there when I watched it just a month or so ago.",12,analysis,reaction,"reaction to removed scene, not the actual content of the show"
"Andy's ancestry

This episode from season 9, episode 3 to be exact at the very end of the episode Pete speaks a line in Dothraki from game of thrones to Erin, she was learning Dothraki in the episode, anyways, at the end as Erin and Andy are leaving and Pete says that line to her Andy laughs a little and says ""I like that guy, we should set him up with Meredith"" this has always bothered me... Why would he say that knowing that hooking someone up with Meredith is not a compliment, I never got the impression that Andy was jealous of Pete, especially since he had Pete take her to get a burger in the last episode and doesn't seem to pick up on any of the cues of Pete liking Erin through out the rest of the season,  it took him awhile to even figure out Pete and Erin were dating after she broke up with him.  Do you think Andy was being serious or just being a jerk? Was he oblivious or as he actually jealous 🙄🤔
This has bugged for years..... Your thoughts??",3,analysis,analysis,
"THE HUNTED

Hi guys, im seeing the show again and i found many references about jan's assistant, how many references can you see? i don't know what the hell it's that but i think it looks like an ""H"".

https://preview.redd.it/kahiscm301451.png?width=1440&format=png&auto=webp&s=7f7dac775c89143aae0642317dbece6143c53b2b",1,analysis,analysis,
"Melora Hardin

Melora Hardin interview 12:50 in episode - [http://www.beta.spudgoodman.com/podcasts/SpudGoodmanRadioShow236.mp3](http://www.beta.spudgoodman.com/podcasts/SpudGoodmanRadioShow236.mp3)

https://preview.redd.it/8aqoy7qk7c851.jpg?width=1500&format=pjpg&auto=webp&s=8c70122c988a960bae31ad1cb795af82f63efd4b",1,analysis,reaction,"sharing a tangentially related link, not a true analysis "
"I just realized jackie the stripper from s3e14 ""ben franklin"" is the same stripper from the finale at dwight's bachelor party.

And i've seen the series 5 times now. Working on The 6th.

Wonder why dwight didn't recognize her.",6,analysis,analysis,
"Do you think Jim is out of line when flirting with engaged Pam?

Just starting a rewatch from S1 and I was wondering. 

He is single, she is not. He's obviously flirting with her but so does she with him. Roy is not acting like the best boyfriend but still, is it ""ok"" for this to happen?

So what what do you think? Who is the more ""out of line""?",3,analysis,analysis,
"The UK office is in a different league

I really enjoyed the US version of the office as a comedy, however the more I watched/rewatched the show the more it appeared to be like some sitcom. The setting in the office are quite unrealistic making it harder to connect with the characters. 

In contrast, the UK version of the office is much more realistic and thus the characters are much more relatable. I could see a bit of myself in characters such as David Brent and Tim. This kind of setting made the show feel like a real life experience which isn't something that I can't say about US office. As a result the UK show is much more thought-provoking as it evokes feelings that many of us experience working in a post-industrial society. 

Overall both shows are great but comparing the UK office to the US version is like comparing the Wire to Breaking Bad. Great shows but one is much more predictable and forgettable while the other feels much more real and relatable making much more memorable in the long run.",7,analysis,hot_take,
"are you guys on Twitter?

If any of you guys want to connect on Twitter, I post mostly TheOffice related tweets. I have the same username on Twitter.",0,analysis,reaction,"unrelated to the show, post about connecting with fans interested in the show"
"Not sure if this was understood but....

I genuinely believe Jan loved when Michael humiliated her in all the episodes after they kissed at Chili’s. Maybe she was irritated he kept telling people they slept together, but in someway it turned her on?¿ I mean she was obviously turned on after he humiliated her in front of the CFO, she went in for another kissed after he told all the branch managers. Agree to disagree with me in the comments👇🏻What do you think?",6,analysis,hot_take,"language like ""agree to disagree"" highlights a hot take"
"WHY does michael hate toby so much

I just don't get it. Toby tried to maintain order in the office and michael hated him like hell and it was SO ODD.",0,analysis,reaction,
"Rewatch just as great as the first time

The office is a different kinda beast man...
Normally when I rewatch a sitcom i dont laugh at the jokes as hard because they become predictable and I mainly watch to see the little things I missed on the first watch. But jeez the office is still 10/10 hilarious on the rewatch plus you get to enjoy the characters and their mannerisms more because you know them better on the rewatch(if that makes sense).",5,analysis,analysis,
"I love that we got to see post-layoff David Wallace.

One of my favorite scenes in the entire series is when Michael's backing out of Wallace's driveway, with Wallace walking in front of him with a creepy smile on his face.

Michael's all ""get me the fuck out of here, this guy's lost it"" which is hilarious because that's the experience a lot of people have when dealing with *him*.",20,analysis,reaction,
"The ability the actors, writers and characters have to make you hate them in one episode, and love them in the next episode, is amazing

So many times I hated Michael, Dwight, Andy, Angela, Ryan, Kelly, Phyllis, Stanley and even the most loveable characters like Oscar, Kevin, Toby and Erin, then the next scene I absolutely love them because they show some well meaning and sympathy. It's a great testament to how well crafted the writing is and how the actors are incredibly talented.",4,analysis,analysis,
"UK fan, coming to the end of my first watch.

Hi there, just want to talk really - feels strange writing this. 

I'm from the UK and was a massive fan of the UK Office when it originally aired way back when. I never got around to watching the US version, mainly because of time (I only tend to watch one show at a time and typically take a year to back watch all the series etc.), but also because I didn't think I needed another Office. 

How wrong was I. 

Now, I will confess, every now and then I come across a show that I become emotionally attached to the characters and genuinely love the show. This doesn't happen all that often. 

As I approach the end of Season 8, I'm insanely sad that I'm gonna lose these guys soon and be empty like never before. If I could, I'd move to Scranton and start work tomorrow. I'm confident in saying I will never engage with a series and it's characters like this again, and that makes me sad.

If anyone has any series to suggest, I'll listen, or if the truth is life will never be the same...I'll accept that too.

I feel insane writing this.",10,analysis,analysis,
"I'm watching office for the first time and Dwight pepper spraying Roy is the most satisfying scene ever. Wow.

I was so happy I had to make this post. I'll go back to watching it again now because I'm kind of hooked to it but I just took a little break to explain how I felt. 

This is an amazing show and I'm so glad that so many love it <3",14,analysis,reaction,
"S4:E1 ""Fun Run"" Camera Crew Interference?

Is this the only time we see the camera crew confront someone with secret footage?",2,analysis,reaction,asking a question about a scene they saw
"S2E8 Suggestion/complaint box

Was it jim or pam who put in the complaint of ""dont sleep with your boss"" in complaint box? At that moment only 4 people knew about Jan was with Michael on that night.Angela  saw Jan in parking lot and Jim and Pam talked about it earlier. Dwight wont put that suggestion definitely. My guess is Jim or Pam. What do you think people?",0,analysis,analysis,asking a question and providing some insight/sharing their own guess
"After re-watching ""Traveling Salesman"" with some delete scenes, I feel no remorse for Andy being left in the lake on Beach Day

He is 90% responsible for Dwight quitting and tries to turn Michael against him all day. He totally deserved to get left in the lake by Angela and the crew.",4,analysis,hot_take,
"Dwight and Pam really had the best secret friendship

There are many moments that show their feelings towards one another but the one that gets me every time is in series 7 in the episode China.

The fact that Dwight cared enough about Pam to let her win at getting all those office changes reversed, so that she didn't feel like she failed again showed his human side and soft spot for her.

One of my favourite moments for sure",13,analysis,analysis,
"just got done watching the last episode

didn’t think it would hit me that hard :( when michael showed up at dwight’s wedding to be his best man, i started bawling and never stopped. i’m soaking wet now. (that’s what she said)",16,analysis,reaction,
"About Michael after the Michal Scott Paper Company buyout

In the episode Casual Friday, Everyone I’ve seen has seemed to side with Michael on the whole client situation. But I actually sided with Dwight and the other salespeople. I feel like this was one of the only episodes where Michael really pissed me off. Because he let Ryan and Pam keep their stolen clients. I’m definitely in the minority for siding with Dwight. I’ll go through a few points.

• Michael Scott Paper Company may have stolen the DM clients fairly, but part of a merger of two companies is that both companies must share resources. So it would make sense that Dwight and the other salesmen to expect their stolen clients returned. 

• It’s true that the other employees could go with Michael. I heard a lot of people saying that they betrayed him by not following him. But they chose not to follow him because they wanted to play it safe by sticking with their jobs. You wouldn’t want to risk your solid sales job to follow your insecure boss to start a new company entirely from scratch. The employees didn’t betray him, they just didn’t want to risk possibly everything just to help him start a company. The only reason why Pam and Ryan went with him was because neither of them had anything to lose, since Pam was just a receptionist at the time and Ryan was already a felon that was working in a bowling alley.

• This point kinda goes along with the 1st point. Instead of returning his stolen clients to their owners, He let Ryan and Pam keep all the clients they stole so they could both be salesmen. They would both be really terrible at it, but he let them keep the clients anyway just because he thinks that they believed in him when really they just had dead end jobs. It was even shown in the episode that he favored them when it showed him giving special treatment to Ryan and Pam by giving them both drinks (Which already itself was an inappropriate thing for Michael to do, especially so soon after the buyout).

• Even if Ryan and Pam DID come with him because they believed in him, it’s still a big thing to ask a person to come with you to start a company from scratch. Which is a really risky move in the modern business world. So it would be great if someone did come with him because they believed in him, but you can’t blame someone for choosing not to since it’s a really big and risky move. Michael was doing exactly that when he was being petty to the other salesmen just because they didn’t go with him.

If Michael’s views WERE right and they did I fact betray him, when Phyllis said something about “you always said you were a family, then you went after us.”, Michael could’ve said something along the lines of, “when I stood for what I believed in you turned your backs on me.” Or something like that considering his mindset in that episode. But he chose not to say anything back because he realized he messed up. Not in terms of not giving them back they’re clients but the fact that he turned his back on them too when he went after them. This makes Michael feel bad because he went after them when he told them they were “family”. Even though his workers may never treat him fairly, he will always treat his workers like a family, because that’s just how Michael is. That’s exactly why Phyllis’s words got to him.
     
It’s just my take on this situation. I’m just making a discussion post about it since no one really has this same opinion. I’m glad that he realized his wrong and apologized to the salespeople. I also thought Dwight calling Pam a secretary was a bit harsh, but I still think he was right about the clients.",0,analysis,analysis,
"Ryan (Bj) & Kelly (Mindy)

I really have a feeling these two are secretly married & Bj is the father of Mindy’s daughter. I also believe Mindy hasn’t revealed paternity because it is Bj. I have no idea why they would wanna keep it secret. Mindy also never shares pictures of her daughter’s face, I think because baby Katherine looks just like her daddy. I know this is probably far-fetched & not true. Don’t attack me if you disagree!",10,analysis,reaction,not related to the show but instead to the actors who play characters in the show
"Pam finding out she’s pregnant makes very little sense

When Pam finds out in the company picnic episode it really doesn’t make much sense. Neither me nor any of my other womb having friends have ever taken a pregnancy test, a urine test, or had blood drawn for an x ray. How would they have realized she was pregnant?",0,analysis,analysis,
"I want to like Darryl but his character feels pretty unnecessary to me.

We already had our straight man characters in the form of Jim and Pam. Oscar and Toby functioned as this too. Then Darryl gets brought in and he's the straightest straight man of all the straight men. He has his fair share of good one-liners but he's probably the blandest of the characters in the office.

It doesn't help that his plotlines are always so half-baked. They introduce Val and spend no time developing her character and expect us to care about their relationship as a romance arc? And then Darryl gets over Val all of a sudden and tries to ditch her in his move to Philly so she can retreat back into to the nonexistent character ether? What was the point? Filler?

And then he gets his Athleap arc but it ends up just being a tacked-on afterthought to Jim's Athlead arc.

I think the best thing that came of his character might have been when him and Jim were roomies, but then that only lasted one episode.",0,analysis,analysis,
"How close do you think Jim and Pam were to divorce in the final season?

I recently read how we almost ended up with Pam and Jim either split up completely or a love triangle with Brian involved, which came about from Greg Daniels. 
Even though they decided to keep them together while still including some strife, how close do you think the two were to divorce in the current storyline?
Personally, I don’t think it was that close but let’s be realistic here: it was a definite possibility, and if a few more things went against them, possibly even likely.
Let me know what you guys think.",0,analysis,analysis,
"The Office Ladies podcast has been a huge letdown so far

I went into it with a lot of excitement but as it stands now, for episodes where they don't feature a guest star, the content is of very poor quality. For a 60 min episode, this is the average breakdown of cumulative content:

1. Ads - 7min
2. Personal quirks/anecdotes irrelevant to the show (GOT, sourdough, love of organisation)- 10min
3. Trackers that are dull (reception plant, conference room table, etc) - 5min
4. Repetition (J: ""That was so great!"" A: ""Omg, SO great!"")  - 5min
5. Summary of show that fans already know - 10min
6. ""Was it improvised?"" - 10min
7. Actual analysis/interesting trivia - 13min (on a good day)

I understand that they may not have content/insight/analysis to tide them over a one hour period. But surely there has to be SOME quality control! At the moment it is predominantly two self-involved people who believe their personal lives and ""quirks"" are more interesting than they actually are.
And their interpersonal dynamic is exhausting to be privy to. So much one-upping and catty dismissal and put downs.
This podcast has been such a disappointment but I still tune in hoping things will turn around.",35,analysis,analysis,
"Thoughts on the blackface debate.

When I first saw that they had deleted that scene out of Dwight’s Christmas I like most of you thought it was kind of lame. After all, the point is to condemn black face, not celebrate it. So what’s the harm? 

I decided to ask my wife what her thoughts were and it was helpful in changing my perspective some. She said that she wouldn’t see as much of a problem with it if the office workers had found the historical reference asked Dwight about it and he had dismissed it like he does while pulling out his phone to text Nate. The problem she saw was in showing Nate in blackface. Showing him in blackface she found very upsetting even though the point was it was wrong of Dwight.

She also proposed an extreme alternative to help make the point which I found helpful. What if Dwight’s Christmas traditions included child pornography instead of blackface, something everyone can easily agree is offensive. Dwight might come around and give everyone a nude photo of their child as a commemorative Christmas gift. He would be met by the similar outrage by the staff/parents for doing this. But if the show then showed us a naked picture of Cece or Jake we would be naturally offended and outraged. 

There may be room for debate either way, but I didn’t see this side of the argument mentioned yet so thought I would throw it out.

TL:DR the joke could have landed without showing Nate in blackface and therefore not put a hurtful image on the screen.",1,analysis,analysis,
"The ICONIC Kelly Kapoor

I wrote this fun little piece matching astrology signs to amazing Kelly Kapoor quotes! Let me know if there are any other characters you'd like to see in the future!

&#x200B;

 [http://sarahscoop.com/astrological-signs-as-kelly-kapoor-quotes-from-the-office/](http://sarahscoop.com/astrological-signs-as-kelly-kapoor-quotes-from-the-office/)",9,analysis,analysis,
"Michael JLG in Sandals photo?

Looking for a high Rez photo of Michael and Jan in Sandals. At work, my boss was talking about putting a wall wrap of a beach and I immediately thought it would be funny to add that photo as well.",1,analysis,analysis,
"Erin and Pete were the best couple

I know many people don't agree with this. Most of you don't even know his name Pete is Plop btw. But i think Pete is the best huy Erin dated.

Andy and Erin i did like from the beginning but after that Andy just changed he even ditched her and went to the bahamas. 

Gabe and Erin were just a trainwreck she didnt even like him.She only went out with him because he was her boss.

Pete seemed to genuinly care about Erins feelings and was always really sweet to her. So i think Erin and Pete were the best couple",9,analysis,analysis,
"The camera man is another character!!!!!

My girlfriend finally got me to start The Office. Half way through season two and the world folded in on itself what an amazing show!",10,analysis,analysis,
"Is Dwight really the only character in every episode?

I've read that Dwight is the only character to be in every episode of The Office, but I haven't been able to figure out what episodes didn't have Stanley, Phyllis or Angela. It's been driving me crazy so I'm hoping that someone here knows off of the top of their heads.",5,analysis,analysis,
"Hillary Swank is not Hot.

She’s beautiful and unique looking but not hot. 

Can mods create a poll so we can put this conflict to rest.",4,analysis,analysis,
"As a gay man, I enjoy how The Office portrayed homosexuality on the show... Especially when Andy (whom I crush on more than anyone) questions his sexuality amid rumors in the office speculating he's gay.

Andy trusts the insights of those around him more than his own feelings and experiences.",15,analysis,analysis,
"Help finding an episode

I’m trying to remember the episode where Darryl says something intimidating to Michael, and Michael complies saying “ye......s”. Anyone know? It was one of the funniest moments for me on my first watch through.

Edit: it’s early on in the show, either S2 or S3

Edit: FOUND IT. It’s the episode “Boys And Girls” from S2, when Michael is hosting his “Men’s Day” thing",5,analysis,analysis,
"Does anyone know what's up with Jenna Fischer's personal life vs. her career? It seems like she hasn't been working much lately, and I imagine that part of that is by choice.

After The Office she could have seemingly had her choice of roles. She did star in You, Me, and the Apocalypse, which I enjoyed, but that was singe-season show. According to her wiki she only has a handful of credits since The Office, whereas Krasinksi, Carrell, Wilson, and Helms made lots of films during and after the series.

Has she made public statements about stepping back from acting? Has she pursued other career paths? It seems like she would have had a thousand opportunities after The Office (and Walk Hard), but she didn't seem to take too many of them. Is this a case of unfortunate mismanagement or is she partially retired/taking a break?",4,analysis,analysis,
"Kendall from HR

Can we talk about when Holly and Michael called Kendall “from corporate” and he just dismissed the whole Meredith and hammer mill employee “relationship” and was just a total jerk to holly about the signatures.",2,analysis,analysis,
"MGS’s bike riding ability

Micheal can ride a bike in season 3 episode 10 (Benihana) but then he can’t ride Oscar’s bike in the parking lot. Come on office writers. You are better than that.

Also just got done watching the prison mike episode lol. It’s brilliant tv.",0,analysis,analysis,
"Does anyone think it odd that AJ came to visit the classy Christmas party?

So Dwight and Jim have their snowball fight at noon and Holly arrives sometime after that. She didn't come in at the start of the workday so she probably came straight to the office after driving from Nashua - otherwise she's a HR drone having a half-day on her first day of work because she's sleepy, which isn't a good look.

In Employee Transfer, she says Michael will leave work at 5pm and get in at midnight (7 hours) and Oscar says flights will take a similar amount of time. Dunderpedia says the trip would take 5 hours if the driver wasn't distracted. Holly leaving Nashua in the morning fits this time frame.

Jim and Pam leave the party when it's still daylight out, in the middle of winter. This means they probably finished work at the regular time of 5pm. This means AJ arrives some time between noon and 5, having only 0-5 hours to decide he misses Holly and wants to surprise her. 

There's something going on here. His first impression of Michael was during the lecture circuit seminar when Michael was at his worst, and second impression was at the picnic when Holly and Michael were having their cutesy comedy routine.

What motivated AJ to drive 5-7 hours right after his girlfriend left? Is it too much of a stretch to think they had a huge fight?

tl;dr I have too much time on my hands",8,analysis,analysis,
"Does David own Dunder Mifflin outright or is he just a majority shareholder?

Just thought of something in relation to the ownership of Dunder Mifflin.

So we know that DMI was a publicly traded company on the NYSE but then it got bought by Sabre and then David Wallace bought it so I always presumed that it was privately held. But then we hear Jim telling Dwight that the share price is plummeting during his ""radio interview"", which implies that it's publicly traded.

The only explanation I can think of is that Sabre just became a majority shareholder of DM and that Wallace just bought those shares back from them.

Or maybe it's just a plothole",2,analysis,analysis,
"Season 5, Episode 9

Why is the guy from Vance Refrigeration stuffing Snap-its into a tennis ball?? (Where Michael buys the caprese salad)

Edit due to stroke",2,analysis,analysis,
"Well, it's over. Damn you emotions!

I have never cried because of a show before. Most shows don't resonate me that much. And then I watched The Office. I will miss this, regardless of how many times I rewatch it. It will never be as great the first time. That being said, it will be almost as good.",3,analysis,analysis,
"Hidden Warner Bros Logo!

Noticed the Warner Bros logo hidden on the wall while watching The Office. Mildly Interesting?

https://preview.redd.it/lmz1nio7sd551.png?width=1720&format=png&auto=webp&s=ba16421f02012b9933acac81fec96843174a336c",5,analysis,analysis,
"I just finished the episode where Michael Scott left the show and I felt like talking about how I love it

As the title goes,  I guess there's something got in my eyes idk I never expected that show I could barely say it's good in its first season made me love it and enjoy it that much and god I never acknowledged how great an actor Steve Carell is before WOW, I get that it would probably get worse now but I might stick around to see what would happen to the other folks... The funny memetic show appeared to be a very mature enjoyable show with a lot of depth and a very on point character development... I can go on and talk about how it went from a small okay-ish production and proceeded to be that big, that's what she said, and the little details that makes it that great, but I'd leave it at GOD I LOVE THE SHOW.",6,analysis,reaction,
"Personal pair ups for characters, MAJOR SPOILERS(like, pretty much everything)

I know that their are people who feel like Jim should’ve ended up with Karen, I am one of those people. I’m not going to waste your time telling you why, their are plenty of other posts that will explain it better than I could. I’m just going to tell you the ripples of implications that this would’ve/could’ve had on the show, and how in the end, it all works out better for everyone. 

If Jim had stayed in love with Karen, Pam would’ve never married him, and eventually Toby would work up the courage to ask her out, we know this because Toby at several times in the show, says that he always liked Pam, and when Toby leaves, Pam says that she always thought that he was “kinda cute”. Roy would’ve started to date Angela, for several reasons, the podcast The Office Ladies touches on them, but they are, 1. At casino night, when Michael says “old friends, new lovers”, the share a secretive glance, 2. When Ryan starts a fire and they are playing “who would you do”, Roy says that if he wasn’t engaged to Pam, he would do Angela, and 3. When they all think that they have lost their jobs, Angela tells Roy that he is “very strong and capable”. Because Angela is with Roy, Dwight would date Erin, the only reason that he let’s Andy have Erin, is because Of the whole Andy/Dwight/Angela bit, but because in this timeline, Andy never dated Angela, Dwight would end up taking Erin. 

Here is where it gets a bit sketchy... because Pam and Toby are together, he never leaves, which means that holly never gets transferred, which means that she doesn’t meet Michael, and they never fall in love, so Michael wouldn’t have met holly until she was already in love with AJ, but AJ can’t commit, so I think that they would’ve ended up together either way.  Because Pam and Roy are together, Cece probably wouldn’t have gotten lice(Roy gets really rich off of gravel and cece would’ve gone to a different school) and because of this Val never askes Darryl to make it work long distance. Val would end up with Andy, both him and Darryl have similar mindsets, and in The way that Darryl flirts with Val, is similar to the way  that Andy flirts with Erin.  

This makes everyone’s ending better, Pam and Toby have a nice comfortable, if not boring life in Scranton, Jim and Karen move to philly, as soon as athlead starts (that’s just the kinda personality that Karen has) Darryl moves to philly and has his freedom, holly and micheal are still happy together,  Roy and Angela are rich and Angela find the popularity and pride that she seeks in the gravel business, Dwight and Erin are happy because Erin is always taking about how she didn’t have her own stuff as a kid, and always had to fight the other orphans, now Erin can always have the very best, with Dwight managing a branch and owning a very large farm. Val can further her education at Cornell, Andy isn’t lonely 


The end


TL:DR Jim and Karen
Pam and Toby 
Angela and Roy 
Dwight and Erin
Andy and Val",6,analysis,hot_take,
"I mean, I get her

&#x200B;

https://preview.redd.it/28xvzwcjmu951.jpg?width=1080&format=pjpg&auto=webp&s=0ddd9ded6119681b0f018649fcac6e7cf9f74684",7,analysis,analysis,
"Best office song

Not counting the theme song, why is your favourite song. Either original or parody. Mine is goodbye Toby but I think I should give a mention to Andy’s ring tone as that had a lot of effort put in it.",1,analysis,analysis,
"Unpopular opinion (or not idk) The Banker was the worst episode not Dinner Party or Scotts Tots

It legit has like 6 minutes of actual content, everything else is replaying, they were clearly running out of ideas",2,analysis,hot_take,
"Ok, I forgot about this great opening...

SPOILER.  When Jim puts Dwight's stuff in the vending machine and gives him a bag of nickels to buy his own wallet out.  5, 10, 15, 20.  I got a hard laugh out of this again.",5,analysis,analysis,
"Do you think Jim would have gotten the VP of Sales job if he hadn't withdrawn himself from consideration?

It's obvious throughout the show that David Wallace has a great relationship with Jim, seen during the dinner party, his interview for the VP job, and in pretty much all their interactions all the way through Season 9 when he recommends Dwight for the Regional Manager position.

However, I was wondering if Jim hadn't withdrawn himself from consideration for the job, if he would have gotten the job. The interview seems to go well and Wallace seems to be speaking to him as if he's already got the position, or at least putting some very serious consideration into Jim's potential for the job.

Do you think Jim would have gotten the job, and how do you think he would have done?",6,analysis,analysis,
"(Tw: suicide) the real reason the office is being watched

Im rewatching the show and on episode 2x08 performance review 

It made me remeber that one time I had watched a theorist YouTube video that had mentioned Mindy Kaling had once made a off handed “joke” at some sort of event (convention? Panel?) that the paper company was actually being watched because an employee has committed suicide a year before

Which is backed up in the show in Michael is reading from the suggestion box and find a piece of paper that says “we need better out reach for employees with Depression.” 

He asks who wrote this and Phyllis mentions a man named Tom who worked there about a year ago And then makes a finger gun to her forehead as a way to tell Michael it’s the guy who shot himself in the head.

Does anyone have a clip of the when Mindy says the office is being watched bc of the suicide the year before? Or have any clue what I’m taking about? 

*EDIT all new found info on Tom since posted*

found the video I mentioned https://youtu.be/kaRAmxqmPQY


Writers panel 2007 where Mindy talks about Toms death:
https://youtu.be/zkPFqluPX1E

33:31 Mindy starts to talk about Tom saying he killed himself the a year and one day before the doc crew came and on the first episode they had all come from Toms funeral and Ryan is there to replace him. 

34:47 BJ Novak says the documentary people could have been sent there because of Toms suicide


https://theoffice.fandom.com/wiki/Tom_Peets

Tom Peets

Tom Peets was a former accountant at Dunder Mifflin Scranton. 

In the episode Performance Review, Michael Scott reads some old suggestions from the suggestion box. 

One of them stated ""We need better outreach for employees fighting depression"" and it was signed by Tom. 

Michael thinks this is a fake suggestion considering there is nobody named Tom, but Phyllis reminds him that Tom had shot himself.


Trivia


During the Writer's Block Q&amp;amp;amp;amp;amp;A session at The Office Convention in 2007 (shown on the Season 4 DVD), 

the writers half-jokingly suggested that-
Tom's death created the void which temp Ryan was brought in to fill


The original reason for filming their lives was to see how Dunder Mifflin-Scranton handled the suicide of a co-worker, but the crew changed course upon realizing that the day-to-day goings-on in this office would make a far more interesting documentary. 

Thus, Tom was the reason for the documentary's existence.

In a press still from Did I Stutter?, Tom's last name is revealed as Peets.",22,analysis,analysis,
"Which episodes do you guys skip on your rewatches?

I usually watch until Michael leaves, then I would restart the series. 
And specifically, Andy’s play has always been so so so awkward and unbearable. I don’t know why, it’s just difficult to sit through.

What about you guys, which episodes do you skip?",9,analysis,analysis,
"Office Trivia Reprise! Friday 7/24... details in post

Heads up, Geeks Who Drink is running a reprise of the Office theme trivia because we ran out of space on the Wednesday shows. It's at 6:30 Mountain, and you can get all the details here:  [https://www.tickettailor.com/events/geekswhodrink/388376/r/dotcom](https://www.tickettailor.com/events/geekswhodrink/388376/r/dotcom) 

Hopefully anyone who wants to play can!!!",16,analysis,analysis,
"Will there be The Office Season 10?? When?? Netflix??

Will there be The Office Season 10?? When?? Netflix??",1,analysis,reaction,
"The Office (U.K.)

Anybody knows where I can watch The Office UK? I have to say that I don't live in USA or UK so classic broadcasting associations wouldn't probably work (e.g. I don't wathc The Office US on Netflix). Please i'm so curious to watch it and i'm a fan of Ricky Gervais too",5,analysis,analysis,
"Toby is not the scranton strangler

Nobody except someone who helped create the show can convince me that he is. i do not believe that toby is the scranton strangler. i wont.

!!this is not meant to sound rude at all!! also im not mad or anything i just dont agree with it",11,analysis,analysis,
"Rewatching Season 1 and man I forgot how awful Michael is.

He is beyond cringe and so inappropriate the first season, and I never remember how bad it is until I’m rewatching. 

Same thing with Roy and Pam’s relationship. I’m on the basketball game episode and there are quite a few red flags about their relationship.  He warns her that at the tip off if she doesn’t tip the ball in his favor she’s sleeping in the car. How manipulative and abusive is that? I can’t believe I missed it/misremembered so much of the first season.",3,analysis,analysis,
"Show recommendations

I was wondering what shows people would recommend that are like the Office or other shows I love such as Parks and Rec, Psych, Brooklyn 99, Bojack Horsman, Friends, How I Met Your Mother, Community, Rules of Engagement, and Last Man Standing",3,analysis,analysis,
"paintball with michael exemplifies the dwight/michael dynamic.

michael has the nicer set of gear, which i am guessing is dwight’s and he let michael use it. i think this speaks to their relationship: michael would have requested the nicer set, and dwight would have obliged. 
what have you noticed on your latest rewatch? i also never realized when michael and andy are on the bus with the church group, they are discussing holidays they’d miss. they will be out of town for a lot of the big holidays except cinqo de mayo, which is the only one that would have been bigger in mexico.",4,analysis,analysis,
"Do Black people like pizza?

Trying to throw a party for my employees who are threatening to unionize. Just not sure if pizza is a good choice considering my employees consist of numerous races.",4,analysis,reaction,
"After Jim’s vampire prank... did Dwight ever learn it was a prank, or did he just spend the rest of the series thinking Jim was a vampire?

From a story or comedy perspective, I realize there’s no real need to show Jim coming clean about the prank, or Dwight figuring it out, but it kind of bugged me that the whole thing just ended with the end of that episode. 

I would’ve liked a part 2, or at least an occasional reminder throughout the series that Dwight thinks he’s keeping a big secret for Jim’s sake. Maybe a few scenes with him puzzling over Jim’s ability to walk in the sunlight, eating excess amounts of garlic to make himself unappetizing, and sneaking garlic into everyone else’s food as well. I can absolutely see him bringing a bag of blood into the office to see how Jim reacts to it.

*”Jim is on a path now. An eternal journey. And I wish him well.”*",20,analysis,analysis,
"Where did everyone's lives headed after the documentary aired?

After the documentary was aired and everyone returned to their normal lives with no camera following them, finally who ended up where and doing what?",1,analysis,reaction,
"Stolen from the facebook group because it's fun: Add ""due to the pandemic"" to the end of your favourite Office quotes.

I'm moving to Costa Rica ... due to the pandemic.",6,analysis,analysis,
"An I the only one that thought that Edd really got decapitated in Rt 6?

I always thought it was really funny the interaction with Jim and Creed when they talk about the dead bird funeral and that someone got decapitated and then Jim said that none of that was real. I found it funny because we as the audience know that in fact it did happened. But did it?

Creed told Michael about the ~~dilapidation~~  decapitation but no one confirmed it.

There are many instances were creed rejects reality and injects his own.  Like when Angela asked him about how Dwight defended Jim that one time.

The second time Creed told the story, he could not remember that it was Ed that got ""decapitated"" because he could not keep with all the lies he told.",7,analysis,analysis,
"Dwight should’ve been co-manager

Dwight should’ve been co-manager instead of jim dwight has better job performance and is the top salesman of the branch and he was the replacement for Michael when he left for the job interview but that is in the past but i wanted to see if people would agree with me",4,analysis,analysis,
"All I need in life

All I need to find myself is a girl like Erin. My life will be complete",5,analysis,analysis,
"Bob Vance is much more than what he seems.

I will make it clear that I am reaching the end of Season 8 on what is likely my 25th series viewing and I consider myself a philosopher of The Office by now. With that said, I saw through a random news source that reddit was formulating theories that Bob Vance was promoting Vance Refrigeration on camera so constantly in order to obtain free press for his business when the doc aired.  
  
  I wish it were that simple.  
  
  Robert Vance is a career criminal and I am sorry to be the rat that brings this to light. Vance Refrigeration is a front for money laundering and Bob Vance's constant and shameless plugging is to create an illusion of legitimacy for his business. A character that parallels this trait is Frank Reynolds from IASIP and his brand Wolf Cola.  
  
  Though we never get to explore the depths of Bob, we also know that he is quick to violence but he doesn't seem to fear the legal repercussions that are usually involved with physically assaulting someone in public. My estimation, like most high end criminals, Bob Vance has connections with and makes regular donations to Scranton PD.  
  
  Another moment worth mentioning is a Season 3 interaction between Phyllis and Karen, in which Karen asks ""Who's Bob Vance"" and Phyllis's response is that Karen has ""a lot to learn about this town"", which could of course mean that he owns one of the more prominent businesses, but it could also mean that deep down, Bob's stranglehold on Scranton goes much deeper than just claiming $80k a year on his personal tax returns.  
  
  There are more instances that can be brought up, but I'm going to let this sink in and see what the group thinks.",6,analysis,analysis,
"Dont date Holly.

For the life of me I dont understand why Jan said to Michael not to date Holly. Did she sense something when he was beign mean to Holly all day? Help me figure this out.",9,hot_take,hot_take,
"Boat wedding.

This show is worthed every viewing, even after more than 20 times I'm still realizing stuff. Pam finally had her wedding on a boat, even after saying that she wasn't interesting in it on Booze Cruise. A ship captain can indeed do weddings as they said. May be they remembered it and that's explain why they had this idea! The Office MAGIC.",4,hot_take,hot_take,
"Robert California was not a “genius” or anything close

I’m not big on the office after Michael left.
I rarely watch the later episodes. I cannot stand Robert California. 
His whole nihilistic and pessimistic attitude, the “everything is sex” crap sounds like something a teenager would say if they were trying to act edgy. 
The little psychological mind games he played with the staff was lame and unconvincing. 
His whole annoying schtick only worked because the people in the office are pushovers and not that bright. 
Dwight called his bullshit out the first moment he saw him. 
The way the writers made his character one up everyone was just embarrassing and a discredit to the characters.
Like Jo would give him her job... Like David would give him money so he could go “mentor European gymnasts..” please.
Way to shit on your actual good characters. 
What a joke.",15,hot_take,hot_take,
"{OFF TOPIC} I'm glad I'm a part of this subreddit

Afternoon I joined a subreddit thinking I'll have a healthy discussion about politics and religion on another subreddit, but boy did that trigger a lot people. Finally, I decided to leave it coz I am so done with all the toxicity and now I am back to my favourite subreddit. I am glad each and every post on The  Office makes me happy. Thank you, all! I love being a part of this group.",9,hot_take,hot_take,
"I think Oscar is kind of in the clear to cheat on Angela, ethically speaking.

After Angela's constant cheating and holier-than-hou hypocrisy I can't say I feel bad for her. Feels good to see her get cheat on, if anything.",0,hot_take,hot_take,
"Why was Andy so horrible in season 9?

I recognize that he was doing hangover at the time, but I feel like the writers should have made a happy ending with Erin and Andy, and made him less of a douchebag. It was so unsatisfying to watch all that build up and tension between Erin and Andy all for nothing. What do you guys think?",3,hot_take,hot_take,
"[SPOILER] I just watched “Goodbye Michael”. WTH?!?!

I can’t believe they did this.
Michael was the soul of everything, how can they ditch him?

I’m done with this, won’t watch any other episode from The Office. To me the series ends here.

I’m so devastated, was in love with the show. 😭",1,hot_take,reaction,
"“I like the people I work with generally. With four exceptions.”

Season 2 ep 20

Clearly one of these people is Jim. 

Who do you think are the others? Who else does Dwight not like at this point in the show? 

I’m assuming Kevin is another one, considering he was questioning him for marijuana use right before this scene. 

Any other thoughts?",2,hot_take,hot_take,
"Why did they film the Dunder Mifflin?

I know they filmed the office for us to watch. But in The office world , why did they film everything?",0,hot_take,reaction,
"Michael's Entrepreneurial Spirit

&#x200B;

[Just realized that Great Scott! Productions is a purveyor of so much more than office training videos.](https://preview.redd.it/ii9a5kjyz9c51.jpg?width=1242&format=pjpg&auto=webp&s=969bea611cb3c815f0bb840e15037d3e97c4095b)

&#x200B;

[Great Scott! Salad Dressing. The New Newman's Own?](https://preview.redd.it/dlvi79p90ac51.jpg?width=1242&format=pjpg&auto=webp&s=2d029624a6b7f4c425d396fb6c92dba345e86736)",6,hot_take,reaction,
"The Office youtube channel removed the ""Chris Rock Routine"" video.

Most probably due to the recent protests.",5,hot_take,hot_take,
"The moment I started hating Pam and Jim

I never liked Pam, Jim was okay. I've never liked that everything they did was an ""inside joke"" and tried to play it off as cute etc.

Since the beach outburst, Pam became super annoying, and Jim slowly started. Especially, after he dumped Karen.

The moment it turned for me was when Jim took a whole pizza to the roof with Pam (season 4). That just defines them. Selfish, everything is about them.",0,hot_take,hot_take,
"Remind me what happens in the line I have stuck in my head

“... just to be a bitch”",2,hot_take,hot_take,
"Erin and Ryan in TallaNASTY

Did anyone else find it odd on Erin’s part for making a move on Ryan? Considering she is Kelly’s bff and knows how crazy Kelly is about Ryan...",8,hot_take,hot_take,
"Is phyllis delusional?

Phyllis's confidence really develops as the seasons progress mostly because of her relationship with Bob Vance, a middle aged man who aged really well and is really macho and successful. However, she has these strange moments of confidence in her own attractiveness. Idk what to make of it:
- she said she likes to go to a bar wearing low cut top so she can get hit on and Bob Vance beats them up

- ""I like the fact that my work is so close to Bob's. It keeps me honest.""

- apparently Bob's coworkers flirts with her?

She also belittled that woman whos an office administrator just because her husband's in a wheelchair?

Idk in these examples especially the ones about her attractiveness she seems so deeply delusional.",0,hot_take,hot_take,
"What were the $12k and $60k buyouts based on? Long detailed analysis/question

A) based on what I know about real life, Ryan was making between $10-25/hr as a Dunder mifflin employee; probably was on an $84k-ish salary as the regional VP manager and once rehired after the Michael Scott Paper Company buyout, Ryan probably made the same $10-25 hourly rate as he did starting at Dunder-Mifflin after the internship. As a bowling alley attendant, he probably did scrape together around $60k a year in compensation, but in any case I am guessing he burned through or snorted up all his money through a frivolous party hard lifestyle. 

B) I think as a receptionist Pam was hourly plus benefits and made like $38k a year pre-taxes with an additional $5-10k a year in said benefits. I would imagine she’s somewhat frugal but doesn’t make enough to truly save. I think Jim was pulling in around $50k a year as a base salary and $80k a year with commissions, but up to as much as $100k between salary and commissions, plus $5-10k in benefits. So $55-110k or $82.5k averaged. These numbers are based on a few anecdotes: the episode where Dwight realizes he’s owed for earning $100k from his sales numbers, the episode where Dwight brags to Jim about his fantasy bed and breakfast with the devil where he gets an $80k a year salary ($80,000 divided by 12 months is $6,666 a month btw hence why Dwight suggested $80k with such enthusiasm, probably not because it was an aspirational figure that was more money than he was earning) and the fact that Jim and Dwight are depicted to be fairly equal as salesmen episode over episode.

C) I think the show implies that Michael only pulled in around $60k a year plus a percentage of commissions and other perks, to the tune of an extra $7,500 or so a year -like the remainder of the budget savings in that one episode going to Michael as a bonus, plus a tiny bunch of commissions on key accounts- as the branch manager, as he made just a bit more than Darryl and I think a warehouse foreman makes like $60k a year. 

So between Michael, Pam and Ryan, they probably were making around $159k a year before taxes, $120k a year after taxes. 

You can get up to a year of severance with certain managerial contracts and usually companies get bought out for a multiple of their annual revenues to anticipate growth the founders would be missing out on for the guarantee of the sale to the purchasing party. I.E. business with steady growth and annual revenue of $100M would be bought and sold for around $250-$550M, I believe. 

Ergo, it seems like they would have been offered  a buyout of $30k over $12k ($10k a piece or roughly 2 months of personal overhead based on their previous incomes from Dunder-Mifflin) or $160.5k over $60k, to represent their median salaries of $53.5k a piece. 

Like, if I am Michael and Pam and even Ryan, I see the fairness in that offer and I see the other offers as low balls that will screw me in the end.

So what were those $12k and $60k buyouts based on? I would guess the $12k represented roughly three months of income to Michael, Pam and Ryan that would be their actual income but obviously not a profit and definitely a loss. I think $60k, obviously being $20k a piece, represented a fiscal quarter of the lost business and a third of each persons typical annual income, incentivizing them to abandon the Michael Scott paper company but give them a financial cushion to find real jobs.

Otherwise what were those two numbers based on? 

Well, obviously it was more about getting the characters back into the office to conclude the Charles Miner story arc and continue the series with the status quo returned and they couldn’t get such amazing offers from Dunder Mifflon that they could consider taking the money and running, hence asking for their old jobs, salaries and benefits back was the only way to let Michael, Pam and to a lesser extent, Ryan, “win” the conflict and return the status quo like any sitcom worth its salt. 

I get the sense a lot of thought and logic was put into the $12k and $60k figures as both realistic sounding but also an excuse to rehire the characters for their old salaries rather than set them up to stupidly lose out on a massive windfall buyout or stupidly be stuck with a bad offer that leaves the three of them, Michael in particular, just as broke, if not in some ways more broke than they already are. 

So that’s that. Thoughts? Questions? Rebuttals?",4,hot_take,hot_take,
"No One Can Fix The Last Seasons Of The Office But Rick Sanchez

&#x200B;

https://preview.redd.it/6t91y4jeai551.jpg?width=1362&format=pjpg&auto=webp&s=62f0bbefdc675c837050e2b158e82a241227f287

The Office really dropped in quality in season 9. From Andy trying to enact a Michael-influenced personality, which he horribly sucks at. To the introduction of Dwight Jnr who is obviously a lesser Dwight, but the entire cast seems convinced he is superior... 

I noticed an inconsistency just three episodes into S9: Erin happens to be well-informed when Lesser Dwight recruites her for a news-casting job, an opening at his imaginary friend's station. But the very next episode, when Andy is rumoured to be related to Michelle Obama, Erin goes on an anxious monologue where she expresses her fear of meeting Michelle for her lack of a political stance... Now, you expect us to believe that the same Erin who receives News Mags in her mail hasn't (who was fittingly considered for a News Reporting job, albeit an invented one), over the course of her long indulgence, formed a concrete opinion about current affairs? What's that about? 

The writers seriously dropped the ball with these last few seasons... I mean, you momentarily get a glimpse of the hidden genius that defines The Office but it never goes beyond that; rare sightings. Like hunting for a unicorn whilst tripping on acid. You see it at the edge of your vision, but it disappears with concentrated focus. 

Shame really. I wish I could recruit Rick Sanchez to travel back in time and wipe the idea of Seasons 8 & 9 from the minds of the execs. 

I mean, why provide a sucky ending to a great show if you can just, I don't know, END!",0,hot_take,hot_take,
"Hey-o, everyone out there in Syberworld.

It,s old Creed Bratton coming at your again, here from my perch as a Quality Assurance Manager at Dunder Mifflin Paper.   Just a few observations on the world around me. 

What do you guys think is the best kind of car? To me, you can,t beat motorcycles.    They,re small   and dangerous.",1,hot_take,hot_take,
"Clip shows are Satan. Let us purge The Banker from our memories.

It's bad, but IIRC it's the only clip show episode in The Office. And at least it's not like The Critic, where they made the series finale a clip show. 

I get that they're just lazily inserted so that they can fulfill a quota of episodes without having to do much more filming, but... why? Why can't the season just have one less episode?",0,hot_take,hot_take,
"is anybody's favorite character phyllis? if so, why?

in my personal opinion, she is the worst character. she's mean, judgemental and adds the least to the table. i feel like she just doesn't grow much as a character either. again, this is just my opinion, and i'm super open to hearing from the phyllis fans.",9,hot_take,hot_take,
"Season 8 is genius

So I'm rewatching The Office for like the fifth time, and I'm pretty sure season 8 is the best of them all. Is there any other ""weirdo"" here that thinks as I?",0,hot_take,hot_take,
"I forgot who flashed Toby in one of the earlier seasons.

Someone flashed Toby (as a dare or a bet or something) in one of the earlier seasons. Does anyone remember who flashed him? 

If this is any help, there was no conversation. She walked right past him, opened her shirt and then continued on without saying anything.",1,hot_take,hot_take,
"Besides the intro and outro, most episodes only cover one day... can y’all come up with one that doesn’t?

The only ones I could think of were The Convention [S3,E2] & The Job [S3,E24].  I have watched through probably 20 times on Netflix and the DVD’s (often while falling asleep), but didn’t realize this until yesterday. I feel it is standard for most shows to cover multiple days in one episode, yet the office is almost always a single day at work. Funny.",3,hot_take,hot_take,
"Recently finished The Office

I've recently finished the office and I just want to say I finally understand why so many people live the show now. When I started watching I cringe and hated Michael scott, but as I kept watching I really really like it and the final few episodes with Brian and Pam, and Jim consoling Pam on being enough. So yea I just really really like it.

P.s. I hate Kathy",5,hot_take,hot_take,
"Do the outtakes ruin the magic a bit for anyone else?

I love outtakes, I generally find them a great addition to a show or movie I love. It’s a treat to see actors and production crew, who I am fond of, laughing and enjoying themselves. 

But I can’t put my finger on why most of the Office outtakes just takes away from the magic. 
Some of it I do enjoy for sure. But sometimes, it feels like seeing the back of a stage set at Disneyland. 

Although I will say, Steve Carell breaking is so funny and charming to me, always. His laugh is hilarious.",6,hot_take,hot_take,
"Absolutely I do.

In the episode 'The Job' Pam states that Jim taught her to always say absolutely I do when Dwight asks for a favour. So, in the episode 'Junior Salesman' when Pam asks Dwight if he wants to prank Clark, he replies, ""Absolutely I do."" Pam and Dwight have the best friendship!",8,hot_take,hot_take,
"Danny Cordray

Danny Cordray’s name is an Easter egg pointing to the office line producer Randy Cordray.",2,hot_take,hot_take,
"Am I the only one who hates Phyllis?

She’s so hypocritical. She threatens anyone who brushes past her with Bob Vance (Vance Refrigeration). She judges everyone else for their wrongdoings as if she’s some sort of saint. Don’t come across many who hate her so was wondering if I wasn’t alone?",8,hot_take,hot_take,
"I'm at S5 and I just wanna say I love this show!

Title,I just joined to say that xD",4,hot_take,hot_take,
"Crime reduces innocence makes everyone angry I declare

&#x200B;

[Hey Batter swing!](https://preview.redd.it/k1aru9xq4a551.jpg?width=4032&format=pjpg&auto=webp&s=7f6022c0134121558fe087d3840d21b534b340a5)",3,hot_take,hot_take,
"What are some of the biggest plot holes in the show?

Mine is how did the doctor tell Dwight that Phillip was his son ?",3,hot_take,reaction,
"Nighttime Themed Room

I had a thought about Schrute Farms Agrotourism B&B-it is wireless because Mose hid the wires. Do we think the nighttime themed room is named that because it has no lights or windows?",4,hot_take,hot_take,
"Kevin Malone quote

Hello! Probably a long shot but I'm trying to find the episode where Kevin is having a debate (with Oscar I believe) and Kevin gets frustrated and says something like ""Why can't you just let me be right sometimes"". Does anybody know what episode this is? Sorry about giving little information to go off of 🤦‍♂️ any help is appreciated!",1,hot_take,hot_take,
"That bit about Jim being significantly older than Dwight in the finale threw me for a loop.

Apparently Krasinski is now 40 and Rainn Wilson is now 54.

...I always took them for being about the same age. Dwight at the end of the show looked like a guy in his early 30s.",5,hot_take,hot_take,
"Toby is a Murderer (sorry if this has already been mentioned)

In the episode where Toby returns, Michael mentions he feels like Neve Campbell because the killer was thought to have been gone, but returns. Do you think this is a hint that Toby is a killer by making this reference?

Asking for a friend....because i don't have any...",0,hot_take,hot_take,
"Definitely a weird question that keeps popping in my mind whenever i am watching the office.

How could they afford steve carrel? He was kinda well known before the office and to have him would've definitely been expensive.",0,hot_take,hot_take,
"A Michael Scott quote to say goodbye

My girlfriend of three years and I recently broke up. It was mutual but it’s been rather hard on both of us as we’ve lived together awhile and love each other. She loves the office and I’ve grown quite fond of it. Her birthday is coming up and I’m leaving her a card to find when she gets back after I’m done moving out. There’s plenty to say but I want to top it with an Office quote; something melancholy about goodbyes related to love or optimism—a new future ahead. A Michael Scott quote I feel would be best as he’s the character I most identify with. But anything will work. Thank you!",2,hot_take,hot_take,
"How many people hit on Pam throughout the series?

I feel like there is someone who hits on Pam every few episodes. It has to be at least 10 guys.",1,hot_take,reaction,
"Your favorite Toby episodes

Michael and Toby have some great interactions throughout the show but Toby alone has plenty of his own awkward moments. What’s your favorite Toby episodes ??",3,hot_take,hot_take,
"You are so fucking smart

&#x200B;

https://preview.redd.it/uv29qv86mqd51.png?width=490&format=png&auto=webp&s=de96a8721c8a4eaaa43eb47c6838ec2b9aef0e6b",1,hot_take,hot_take,
"Bob Vance, Vance Refrigerations Theory

So I was watching some of the deleted clips on Youtube and in one episode Phyllis said something really interesting. One of the guys said something about a lawsuit against Bob Vance, Vance refrigerations, and Phyllis said that he was exonerated because ""none of the witnesses showed up"". And in another deleted scene, she mentioned their honeymoon moon incident in some country in Africa where they basically hit someone with their car(killed him), and had to bribe a dude to get out ASAP.  So, based on these two scenes and how much that he mentions his company. I dunno but I think the refrigeration company is just a front for what he's actually doing and that's why likes to mention the company in every chance he gets.",7,hot_take,hot_take,
"S5: EP 9

At about 3:36 Pam pours something into a tupperwear bowl which sparks the whole “microwave cleanliness” argument. What does she pour in the bowl?",3,hot_take,hot_take,
"The Office Cast That Auditioned for SNL - Main, Recurring & Guest

# --The Office & SNL Cast/Auditions--

# Main:

* ***Mindy Kaling*** *(Kelly) - 2006*
* ***Ellie Kemper*** *(Erin) - 2008*
* ***Kate Flannery*** *(Meredith) - 1991*

# Recurring:

* ***Nancy Carell*** *(Carol Stills) - 1995 (Cast Member)*
* ***Will Ferrell*** *(D'Angelo Vickers) - 1995 (Cast Member)*
* ***David Koecher*** *(Todd Packer) - 1995 (Cast Member)*

# Guest:

* ***Rob Huebel*** *(AJ, Holly's Boyfriend) - 2004*
* ***Jim Carrey*** *(Fingerlakes Manager Interviewee) - 1980*
* ***Thomas Middleditch*** *(Jeb Schrute) - late 2000s/early 2010s*
* ***Jerry Minor*** *(Val's Boyfriend) - 2000 (Cast Member)*
* ***Tim Meadows*** *(Client at Chilis) - 1990 (Cast Member)*

# Total: 11

*---*

Notes:

\*\*\*\*\*\*\*Steve Carrel - ? (\*\*\**Lorne has said that he did audition with his wife in 1995, Steve says he didn't - I'd trust Steve of course, but including anyway)*

\--

*Someone missing? Something wrong? Want to see the full list of every SNL auditon ever (at least thus far)? Come join the party* r/TheSNLProject *& tell us*",13,hot_take,hot_take,
"The Office Seems Short After Binging It. Other Random Thoughts.

I am nearing the end of my first play through since watching the original run. I held off on rewatching it for years because I thought “already seen it”.

I blasted through 9 season and thought “man this series seems so short”. There’s a distinctness during Seasons 2-5. The series seem like it was a blip into the late 2000s as well, which I loved. Seeing flip phones turn into iPhones was also cool. 

When I first watched The Office years ago, I found it OK without Steve Carrell. But binging it episode after episode gets you really attached to the characters. I was pretty sad to see Steve go this time around. “Goodbye, Michael” was actually hard to watch, especially the scene with Michael and Jim pretty much at tears. 

I also love starting a season’s first episode right after the previous season’s finale. It’s funny to see how much the actors changed between seasons. Ed Helms got noticeably skinnier between Season 7 and Season 8.",6,hot_take,hot_take,
"Do people actually not like Pam?

Like on my first two watches of the show I wasn’t in this subreddit and just expected that everyone liked Pam and agreed with most of her choices but now I think a lot of people think otherwise.",4,hot_take,reaction,
"Entrance stair layout

So I was trying to recreate DM Scranton in Minecraft but when I got to adding the stairs at the front I got really confused where they led, the more I think about it the stair layout just doesn’t make sense. Every time people are seen going up the stairs they exit by the hallway near the break room but the stairs are next to the elevator which exits by the entrance to the office. Does anybody know where these stairs go exactly cause the more I think about it the more it just doesn’t make sense",1,hot_take,hot_take,
"What the frick

&#x200B;

https://preview.redd.it/m1wk7o0b1a551.jpg?width=3024&format=pjpg&auto=webp&s=e75a9f943f5f5fb4c1f4e8dc76655eee2bac3fbf",0,hot_take,hot_take,
"Best and Worst Episode of Each Season?

Here’s Mine:

Season 1
Best: Diversity Day (Hilarious and awesome preview of how good the show will be)
Worst: Pilot (Boring and a total rip off of the UK pilot)

Season 2
Best: Casino Night (Toss up between this and The Injury, but I chose this because the humor and emotion combined)
Worst: Michael’s Birthday (Not a bad episode but Kevin’s cancer scare feels a little too real and scary and Michael is kind of annoying in this one)

Season 3
Best: Product Recall (The cold open, the press conference, the high school gf, and the ending is what makes this episode awesome)
Worst: Phyllis’ Wedding (Everything Michael does just makes me cringe)

Season 4
Best: Dinner Party (Obviously)
Worst: Job Fair (Pretty dull and forgettable episode, only funny part is Andy crashing the golf cart)

Season 5
Best: Stress Relief (42 epic minutes)
Worst: Baby Shower (Dull and forgettable)

Season 6
Best: Scott’s Tots (If you can stomach it, it is a hilarious and awesome episode)
Worst: The Banker (Literally just a clip show)

Season 7
Best: Threat Level Midnight (An awesome and hilarious movie)
Worst: Christening (Really weird and boring episode, the only funny part is Toby in the church)

Season 8
Best: Pool Party (Kind of weird but a pretty good cold open and a funny ending)
Worst: Get the Girl (6.7 on IMDb and the whole thing is just boring and unfunny)

Season 9
Best: Finale (Satisfyingly funny ending to an amazing series)
Worst: Andy’s Ancestry (Just no funny moments at all and completely forgettable)

Anyone else care to share their thoughts?",5,hot_take,hot_take,
"Favorite Characters

I don’t know if this is unpopular but I love Stanley he’s the best.",3,hot_take,hot_take,
"The Workplace Response to Nellie Arrival

I've been watching the show through from the start through quarantine and have just reached the episode where Andy loses his job.

I'm sure we can agree that a lot of batshit things happen in the show but someone waltzing into the managers office, offering raises, and then the CEO basically ignoring it and giving no clarity to anyone (not even himself) has got to be up there with one of the more extreme cases of dysfunctionality. Not to mention the disrespect and destruction of Andy's personal property and presentation on his sex life.

Andy obviously had some embarrassment (perhaps due to his attempts at deceit in feigning illness), and this is exasperated by his inability in difficult conversations which erupts in anger, but it's clear the CEO has treated his employees in a shitty way.

I know the characters can be self absorbed but this is an extreme situation and would surely raise worries about the workplace going to shit, these are not rational things to be going on. Any rational person would be worried, Jim pushes it a bit and is then dissuaded by the chat (and Jim also struggles at times with having confidence to fully articulate his issues to authority) and then everyone seems to be on board.

My question is, are things really that bad that staff feel they have no choice but to stay with the company or is it just their lack of concern?

The old guard have their issues which maybe mean they are set in their ways and would struggle with change - Meridith drinking, Stanley being moody and wanting an easy life, Phyllis being a bit of a bitch, Pam little experience in made up job, Ryan being a criminal, Jim not liking change, Dwight being insane and loving his job - but I would have thought that many wouldn't be loyal to DM and also skilled enough to work elsewhere. 

Angela, Oscar, Toby, Darryl, Kelly and maybe even Creed to me I wouldn't have thought would have that level of loyalty and could do other things. Why do they stick around?",3,hot_take,hot_take,
"Dunder Mifflin Infinity

I just re-watched the Season 3 episode ""Initiation."" After Ryan strikes out at Axelrod, Dwight says that DM is losing business because customers are purchasing their paper online. I think this is when Ryan gets the idea for Dunder Mifflin Infinity b/c, as Michael reminds us in ""Business School,"" Ryan never makes a sale.",5,hot_take,hot_take,
"What’s Dwight’s beef with IHOP?

In S5 E13 Prince Family Paper, when Dwight and Michael are going to the prince family’s business  they get into a quick argument about how Dwight “feels” about ihop and wants to go to Denny’s. I’ve watched the office too many times to count but I can’t for the life of me recall why he dislikes ihop so much. Anyone dig enough and figure this one out?",4,reaction,analysis,
"I thought this was a joke

But creeds real name is actually William Charles Schneider",6,reaction,reaction,
"A rant on Pam, why I hate her and her defenders.

First time watching the office: “Oh Jim and Pam are a pretty good love story.”

2nd watch: “Hmm ok I’ve kinda seen it before still kind of nice I guess. Karen doesn’t seem horrible though. Begin to question if I like Pam as a character.”

3rd watch: “Ok this is actually quite annoying. I’m beginning to hate Pam. Karen was never wrong. Even Jim is a bit sleazy. Pam is overall disappointing I hate her and those who like her.”

Sure you can say Pam became more vocal = growth but after that she pretty much repeats a cycle. She stays quiet on a subject for too long then makes a whole dramatic flare to “speak her truth.” See speaking her truth wasn’t something new for couples counseling in s9. She did it quite a few times in the series before. 

First she did it with Roy, and sure I don’t think it’s all harmful to say to your partner “hey we need to spend time together.” Totally harmless but it’s when she finally tells the truth of Jim and her and holds expectations of Roy. You’re dropping a bomb on the man. Sure he wasn’t the perfect bf (which we will talk about soon) but the dude trusted and respected Jim. Waiting to tell him this long just makes everything rush back to him he now knows why his wedding was canceled. Pam breaks up with him as if he is the issue. Like no lady you thought your little boost made you invincible. You didn’t even warn Jim either. 

Quickly I’ll go over Roy as a bad boyfriend thing. It felt like Pam was to be solely appreciated and praised even though you hardly see her return the favor. Doesn’t get Roy anything for Valentine’s Day but gets jealous when Phyllis is showered in flowers. She got mad at Roy even though he was saving for the wedding like you asked! Even on the episode when you find out Pam broke up with him before the wedding. “ I’ll never take Pam for granted again.” What has she done for you?!

Moving onto Karen who wasn’t that bad. This one I’ll say can be more of Jim’s fault but Pam plays a big part. Karen was new and is convinced by Jim to come to Scranton. She even becomes friends with Pam as she helps her with the apartment moving situation and when Angela kicks her out of the PPC. She becomes aware of Jim still having feelings for Pam which should be a concern for anyone in a relationship. This isn’t fair to her at all to have a guy convince you to move to a place all to find out some history that’s not her fault. She even stays with Jim even after his history creates drama with a physical confrontation with Roy. She almost started getting marked as a villain because Pam and Jim cant move on. Then comes the campfire scene which now is cringeworthy to me. Pam could have told Jim she missed her friendship but no she had to mention that she canceled her wedding in front of Karen. If this were anyone else they’d be labeled crazy and desperate and told to move on with their lives. But no it’s Pam more power to Pam whoooo. It’s even further reinforced when Karen speaks to her the next day. Is almost depicted like Pam is standing up to Karen (for what?!)  when she says she was truthful and sorry if that made her uncomfortable (obviously it would make anyone uncomfortably. Like I said though it’s so two Pam thumbs up! After that Karen is just discarded even though she did nothing wrong. They depict her as crazy and emotional even though they pushed her and played games with her. 

Anyways yada yada Jim and Pam start dating and this is when Pam just becomes disappointing. She goes to art school. Jim is very supportive, encouraging and drives up to see her. He almost mistakenly drives up to see her after the 3am voicemail but doesn’t want to be “that couple” (something to note for later.) Then Pam fails artist school which is a failed venture. I really wish they pushed her art more because a picture on the wall and a butt mural didn’t cut it for me. They could’ve had her do more design stuff for crying out loud they had her animate. Anyways she fails that then returns oh then next when Michael starts his own paper company she jumps ship w/o consulting Jim who she lived with. Anyways makes her first sale by literally picking up the phone not all inspirational. Then money troubles and dm buys them back. Then guess what ?? Pam finds out she wasn’t that good of a saleswoman! Yet another failed venture on a character I thought they were making more confident. Her new job just feels like secretary 2.0 just...stupid.

Roy’s wedding made her even more annoying. She starts off being very doubtful of Roy. Started eating a banana she could have finished in the car. She is so concerned about Roy having hotdogs and very rudely says he can’t play piano at his own wedding. She hadn’t seen the guy in years and doubted him meanwhile he had transformed while Pam literally moved 10ft from where she used to sit to have a slightly better job. 

Her insecurity drives her to doubt her own husband while Jim never acted on his. Remember “we are not that couple.” Jim also didn’t want to stay at this mundane job all his life. This is where the Pam defenders come out. “She was caring for both their kids!!” Yeah no Pam’s mom helped a lot Jim was gone every other day.  Jim and Pam fight but ultimately Jim decides to do what Pam wants. Even after that he yet again has to reassure her that she is enough. The real zinger is all she ever gave Jim was a lousy comic. Giving someone permission to work their dream job and one that would benefit your family is not a GIFT. She did not progress at all probably the hardest she ever worked was caring for her own kids. I hate Pam and her fans!!!",6,reaction,reaction,
"A Jan/Michael Wedding (or at least Engagement Party) was such a missed opportunity

I really wish they had done more with Jan especially when she started losing her mind. Her scenes with Michael were absolute gold that really could have been explored a lot more (tho it's hard to do that when it's such a huge ensemble show).

 We saw how cringy and wild Michael was at Phyllis and Jim/Pam's weddings, but it would have been hilarious to see Jan going insane as a Bridezilla making everyone's lives a living hell. Also could have been fun to meet Jan's ex-husband and Hunter performing his song live at the reception.",16,reaction,reaction,
"I FINALLY understand Angela and Andy’s relationship better after watching all of the deleted scenes.

Their relationship and engagement has always bothered me. What we see gives us next to no insight into why on earth Angela is with him (while showing us many reasons why she detests him and clearly prefers Dwight). The whole subplot seemed cheap and inauthentic. I always thought, “man, this could have been so much better if she actually was into Andy and there was a real conflict”. 

Turns out, they filmed a lot of little scenes indicating why she was in a relationship with him! But for whatever reason, they cut almost all of them. I wish I’d made note of the earlier ones, but in the one I just watched, deleted scenes from The Surplus, she and Dwight are having a conversation during which she lists several plausible reasons why she wants to marry him: He went to Cornell (there is an earlier deleted scene in which she also makes clear how much she likes that), his family is well connected in Connecticut, and his family came over on the Mayflower. 

I always knew the idea was a conflict between head and heart, and maybe this was already obvious to most, but this little scene especially made that so much more clear. 

Has anyone else had a similar experience?",14,reaction,reaction,
"he kept them

if you look you can see that the same paintballs that mike got in the yankee swap  episode are the same ones as when mike said his goodbyes with dwight",3,reaction,reaction,
"How quickly does the bigger shark (Dunder Mifflin) eat the littler shark (Prince Paper)?

We meet Prince Paper in S5:e13 where Dwight and Michael surreptitiously steal their client list. 

By at least S5:e21 they’re out of business. Michael calls Prince Paper hoping to inquire about a job only to learn the sad news. 

Does anyone have a rough idea how much time passed in the show between these episodes. Curious to figure out how quickly DM was able to run this smaller company into the ground.",1,reaction,reaction,
"I had posted about Belshnickel episode being cancelled but....

Turns out they are just removing the scene where Nate has a blackface and then he goes away. They episode will still be there. No impish",6,reaction,reaction,
"Top 10 Essential Office Episodes

Inspired by this post on AV Club ([https://tv.avclub.com/tracing-the-office-s-rise-from-midseason-also-ran-to-ni-1798237948](https://tv.avclub.com/tracing-the-office-s-rise-from-midseason-also-ran-to-ni-1798237948)) it got me thinking about what my top 10 would be. And what you all would come up with.  


Now this isn't your Top 10 favorite episodes. That would be different. Instead, this is the Top 10 Essential episodes of The Office. Which 10 episodes would you point someone new to so they could get the biggest story points of the series, the biggest relationship moments. That 10 episodes that would tie the beginning to the end and the growth of the series as a whole.  


Here would be my Top 10 (order of release. And these are not set in stone - you can and probably will convince me otherwise).  


Diversity Day (Season 1, Episode 2) - The pilot is the pilot, and too much like the original. But this one they start stepping outside that box and start creating some character moments and beats that would continue. From Michael's blindness to things he shouldn't do, to Jim caring about the Pam moments above all else.  


**The Client (Season 2, Episode 7)** \- I was torn between this and Dundies. They both show more depth in Michael. But I ultimately went with this because not only does it show that Michael is good at his job, but the beginning of his relationship with Jan.  


**Booze Cruise (Season 2, Episode 11)** \- So many from Season 2 I wanted to pick and it was hard. Booze Cruise is a good episode for Jim and Michael growth as Jim decides what he wants. And Michael shows he can be there for his employees.  


**Casino Night (Season 2, Episode 22)** \- Playing as a 1-2 punch with Booze Cruise, this is obviously a huge Jim-Pam episode. Plus just a fun episode overall and sets the stage for the first half of Season 3.  


**Gay Witch Hung (Season 3, Episode 1)** \- Kind of felt like a reset for the show almost with Jim gone and a  new setting introduced that would bring us some characters we would spend time with, and Andy. Plus the whole Michael-Oscar story is hilarious.  


**The Negotiation (Season 3, Episode 18)** \- A lot of character development here with Dwight, Angela, Jim, Michael, Jan and Darryl. Really enjoyed the Angela sub-plot that shows us more of her personality, and also goes into Michael and his love of the industry and company.  


**Dinner Party (Season 4, Episode 9)** \- I mean, this episode is so cringe worthy, but it is comedic gold. Plus we get to see the relationships develop outside the office.  


**Goodbye, Toby (Season 4, Episode 14)** \- This episode helped set up the second half of Michael's journey to who he would become as Holly is introduced. Plus we get the Andy proposal, Jim almost-proposal and the ending with Dwight and Angela.  


**Goodbye, Michael (Season 7, Episode 21)** \- Funny, I never realized until now the name similarity between Michael and Toby's goodbye episodes. I would have loved to include an episode in between the end of season 4 and near the end of season 7, but it was hard to fit one in here. This episode speaks for itself.  


**Finale (Season 9,  Episode 23)** \- Let's just skip over all the Robert California and Andy becoming a terrible person stuff and get right to the end. If someone is going to get the spark notes, they want to know how it ends. And while the latter seasons maybe didn't hit the same notes for me as the early seasons, there was a lot to like and I loved the finale.",4,reaction,analysis,
"Are there any ""jump the shark"" moments for you?

One that really bothers me on my rewatch is when Dwight fires the gun off in The Office and doesn't get fired for it. Yeah, there's pretty much zero chance that he wouldn't get the pink slip. Like, my suspension of disbelief can accommodate Michael since everyone in The Office is dysfunctional and would be out on their ass with another boss, but this is just too much.",6,reaction,reaction,
"2014 through 2020, Dunder Mifflin style

&#x200B;

https://preview.redd.it/5poviupgrc451.png?width=2500&format=png&auto=webp&s=da2c3e7b3f2365ada028b11aee94e7b96436d63b",0,reaction,reaction,
"Without the romance of Jim and Pam...

Office popularity was never even close to whatever it is.",7,reaction,reaction,
"I think if Andy sang the same song he did after he finished his Sweeney Tod play(He sang ""I try"") he could have made the team for the Next Acapella Sensation.

Andy seemed like an annoying guy and a bad singer but I think if he really tried hard he could sing very well. For example when he was fired by Wallace he sang very well. If he sang at that same level I think he could be amazing.",8,reaction,reaction,
"Was the sweeny Todd actor in Andys play a murderer?

So this is probably completely out there but I was rewatching the episode andys play Today. Andy performs in sweeny Todd.

Well at the end of the play when Michael is arguing with the actor who plays sweeny Todd (daryls plumber) and then creed comes up and says ""be cool I've seen this man kill a bunch of people"". At first I thought creed just didn't understand the concept of a play but thinking about it I wondered if the meaning was more sinister.

Firstly creed was a theater critic in the episode we see him phoning in his review of the production. So it seems obvious that he'd understand plays aren't real and that the actor hadn't killed people in the play for real.

As well as this creed doesn't say I've just seen (implying he recently saw it) he just says he has seen. I.e. The killings took place before the show.
We also know creed is a dodgy guy with him once coming to the office covered in blood.
All of this has made me wonder if perhaps the actor playing sweeny todd was a murderer and creed knew of his crimes.",21,reaction,reaction,
"What's your favourite character and why?

Mine is Jan. I just think she's so creepy and i love the way the actress made her",8,reaction,reaction,
"The timing was nothing short of predominant? What's the original saying?

I know Michael messed this up but what's the actual phrase?",5,reaction,reaction,
"Darryl was a Dick in ""The Negotiation""

When Darryl sees Michael wearing a ladies suit, he photographs him and sends it to Roy, which ill be honest is something that i hated, becsuse hated Roy the character..
But its not cool when you get sensitive information like the Boss's pay under trust, you Do Not share the with other people. 

Partly the Blame lies with Michaels Idiocy aswell.",5,reaction,reaction,
"Theme song Amazon prime subtitles

Anyone every clocked that the subtitles for the theme song change a lot, like first it was soft rock music, then quite piano music and I have just seen cheerful music. Like who signed off on having so many different types.",3,reaction,reaction,
"Why is there no love for Basketball?

I've been reading all these lists, short and long and if Basketball is listed it's way in the bottom, if it's listed at all. Am I the only one who loves that episode and think it's at the top? It's such a great episode?

Michael is his annoying,arrogant, and offensive best; there's great lines throughout. It's great",4,reaction,hot_take,
"The Office made me look impressive at work

We were discussing budget surpluses over lunch today and my colleague couldnt quite understand the concept (in his defence, the original explanation wasnt amazing and he's a doctor not a businessman). 

So my brain starts thinking of ways to explain it better and somewhere in the depths of my memory it digs out an analogy. 

""If your parents give you £10 for a lemonade stand and you only spend £9, the next year they're only gonna give you £9 because that's what it costs right? But if you spend that last £1, next year they'll give you £10 again"" 

Now I have to admit I didnt really process what was coming out of my mouth before the words went past my lips but it sounded right and people were impressed at my knowledge and method of explaining so I was feeling pretty pleased with myself. 

Only later do I realise I owe it all to Oscar Martinez",640,reaction,reaction,
"Annoyed with Jim and Pam thing already !

I have had the office on a loop for 4 years including the times I watched before.. so I've seen every episode over 200 times.. I am at the point where I hate them both Jim and Pam !!.. he's such a wussie prick. I didn't get that way till wearing the series out..And Pam is just okay.. the Office was to laugh at, yet by season 9 the introduction music at the beginning that use to end with each boss at there desk,  ends with Jim and Pam kissing..it went from a comedy to a romantic comedy.. every other relationship was perfect.. Michael and Holly was funny.. Dwight and Angela was funny..All the others with the Senator, to all the rest were great !! Not to serious for a show I want to laugh at..I also pick up on how shitty he was to the Cheerleader on the boat.. to Karen, Roy.. He's like Owen Willson in Wedding Crashers..he's not funny but he made a good side kick to Vince Vaghn. Like Robin to Batman. He was Dwight's sidekick..Loved the episode were Dwight killed him in the snow ball fight..",1,reaction,reaction,
"Discussion question-

There's two parts to this. So I was rewatching ""Business Trip"" (season 5 episode 8) and I've always wondered something. Right after Ryan and Kelly sent Darryl that breakup text, what was with their reactions? When I first watched and ryan seemed uneasy at Darryl replying ""it's cool"" I assumed that he was scared. Like, when someone hides their emotions to get ready to freak out later. Later on, I saw someone saying that it was just because he's all about the drama in their relationship and that probably makes more sense in my opinion. So first question, what did you all think of that? Do you think he was scared, or disappointed? Second question- they showed Darryl walking to his car. Was the way he was walking supposed to convey happiness? That confused me a bit. I could understand if he was happy because he didn't like jelly anymore but he wanted her to end it because he does that later on with justine if I remember correctly. What do you all think?",0,reaction,reaction,
"The only real character tier list (ignoring s8-9)

Thought I'd take a shot at this and give some reasoning.

S- Michael Scott.

Michael Scott is the only person worthy of S-tier. The show is so dependent around him, and he is by far the funniest character on the show. Actual objective people know that the show took a massive dip in seasons 8,9 due to his departure. When someone asks me about their favorite character on the show, I always have the caveat in my head ""favorite character....besides Michael"".

A- Dwight, Jim, Andy, Creed

IMO, these characters are the only A-tier but for differing reasons. I believe Dwight and Jim's interactions and characters highlight 2 different but yet extremely important aspects of the show: Dwight's over the top bravado and ideologies, and Jim's realism. This interaction between the 2 and their extreme spectrum really is another driving force of the office, and both characters shine a lot. Andy IMO is probably the second funniest characters in the show besides Michael. His character I thought really shone during season 3 with his anger issues, and again with Erin in the later seasons. Creed I hesitated putting in A-tier or B-tier, but decided on A, because every time he is on screen he just shines brightly and is hillarious. In fact, I don't think there's any a time where Creed is on screen that is not funny.

B- Jan, Pam, Ryan, Gabe, Angela, Kevin

C- Stanley, Phyllis, Bob vance, Toby, David Wallace

D- Charles Miner",5,reaction,reaction,
"The Office before The Office we love

You know about The Office US, you know about The Office UK. But what if I told you that The Office US came first? You probably wouldn’t believe me. Until I said this:

From March 11th to April 15th, 1995 there aired a sitcom set in a package design company in Chicago called Package Inc.

That sitcom was called The Office. Only six episodes were ever produced, and the last one to this day has never aired. It was unfortunately cancelled for not catching on with the public.

Looking at the overall synopsis for the series and very brief plot synopsis for the episodes, from what I could gather, I noticed a couple of... similarities.

Edit: Yeah, I discovered this completely by accident. I was Googling The Office we know, when I noticed “The Office (1995)” as an autocomplete. I haven’t watched any of them yet. I’ve actually known about it for some time. But I have discovered just yesterday that the episodes have been uploaded to YouTube.

I can see this post caught on as well as the show did. 😂",10,reaction,reaction,
"Michael and Holly’s proposal

So I’m watching the office for the millionth time and the episode where Michael proposes to Holly comes on. He lights like, 1000 candles in the room and the sprinkler system becomes triggered. 
Here’s the thing, it always bothered me that happened. I’m a “sprinkler fitter” by trade. (I didn’t pick the name) I’ve been in it 10+ years and basic knowledge of the trade states the NFPA 13 standard for commercial light hazard i.e. an office. Is 155° F. The red bulb for anyone who gives a shit. 
So. Knowing that. 
Can 1000 candles in a room raise the temperature (at the ceiling, heat rises) to above 155° F?  I’m genuinely curious and a little high to be honest and would love the internet’s take on this controversial topic.",3,reaction,hot_take,
"Created this using A.I.

The fact that Dwight betrayed Michael is just phenomenal. I mean, Dwight knew Michael was worried about the whole ""business"" thing, so he didn't give a fuck. Michael had broken into his bedroom to test how Dwight would react. You have to ask yourself if he even noticed that Dwight was out of his apartment or not. And Michael didn't even have to take the test. He just came home and broke into his apartment because he knew Dwight was breaking into his room. Not a real test. At all. But Dwight ended up going to jail. Just remember, only Michael knew about that test. Did he tell anyone? The guy that set that up, no, he didn't tell anybody. No, no, no, no. That was made up",1,reaction,reaction,
"DWIGHT!!

In season 3, ep 14 when Michael pretends to have a heart attack and Dwight being the dear friend he is, he looks up to check if everything is okay.  We all need a friend like that!!!

https://preview.redd.it/imr1u8as97651.jpg?width=1720&format=pjpg&auto=webp&s=c42d1afd60b53e0dff110b0cc3876875d9409884",5,reaction,reaction,
"Office Cookies

My wife's co-worker made these:

https://imgur.com/gallery/ZbyiQVE",9,reaction,reaction,
"Office Blind bags from Target

Going on a limb here has anyone started collecting the office blind bags from Target... i am having trouble getting Kevin and have an extra Pam to trade if anyone is interested... thanks",1,reaction,reaction,
"I can't get into The Office

I've been seeing random scenes people post online and I find them very funny so I decided to start watching the office. Thing is I couldn't even finish the first episode. So my question is; Is the whole series like the pilot or does it get better after some episodes?",0,reaction,reaction,
"Favorite post Michael Scott episode?

Just finished another watch through and as I was watching I realized how good the triviocalypse episode is. Made me curious at other people's favorite post Michael episodes",3,reaction,reaction,
"Dwight is way too down to piss into bottles

Just a shower thought. When they’re driving to Utica. When jim is timing him. Wonder what other times he did it.",3,reaction,reaction,
"Michael vs Andy

I’m re-watching the office for the hundredth time and it always amazes me how David Wallace was able to tolerate Michael Scott as the manager of Dunder Mifflin paper company of Scranton for 15 years but he couldn’t put up with Andy for one. Lol",7,reaction,reaction,
"14 years ago today, Roy dodged a bullet.

Pam and Roy were supposed to get married on June 10th, but Pam called it off.  Roy then pulled off the comeback of the century - got in shape, started a gravel business, and had a lovely wedding.  

Meanwhile, Pam and Jim got married while pregnant, at Niagara Falls, with pork medallions.",15,reaction,reaction,
"I just finished re watching the office and this show is really underated

Filler filler filler filler filler filler filler filler filler filler filler",2,reaction,reaction,
"Just started the show recently and I’ve a question that’s pretty valid

WHY IN THE FUCK WAS HOLLY TRANSFERRED? Seeing Michael so happy w Holly was so great but that didn’t even last for a season. Just when things were getting good everything fell apart. Why :(


Currently at the start of season 6 rn",1,reaction,reaction,
"Anyone know why Netflix doesn't show the same scenes as other sites?

I was watching the Fundraiser episode on another site and noticed that Pam called Phallus a ""Big...beautiful bully"" she doesn't have this line on Netflix. I've also noticed some other episodes have alternate scenes too.",2,reaction,reaction,
"Weight loss

I never understood this. Why wouldn’t they want Pam for week 1 when on week two they would have lost 226 pounds (almost Kevin) and whatever weight everyone else lost",1,reaction,hot_take,
"I made this, it kinda suks, so i'll be posting another version later.

[https://www.youtube.com/watch?v=EtBKhVQgQgg&t=6s](https://www.youtube.com/watch?v=EtBKhVQgQgg&t=6s)",3,reaction,reaction,
"The Schrutes like indie rock?

I was watching the episode “The Farm” (S9 E17) and there is a scene where the Schrute and Bruegger families are sitting on the porch singing “Sons and Daughters” by The Decemberists, who are an indie rock band out of Portland. I find it hard to believe that this is a band that the families would know about with the exception of maybe Jeb or Fannie but I don’t see everybody playing along. So where did that sudden music taste come from?",10,reaction,reaction,
"An Oral History of The Office

The new podcast “An Oral History of the Office” hosted by Brian Baumgartner (Kevin Malone) dropped it’s first three episodes today! Check it out, it features all the actors and producers, including Ricky Gervais (UK) going through the confusing history of the show. Available only on spotify, check it out, and let me know what you all think!",12,reaction,reaction,
"Pretty sure Comedy Central just skipped season 3, episode 1 ""Gay Witch Hunt"".

They've been playing season 2 in order all day and just went from the end of season 2, ""Casino Night"" to season 3, episode 2 ""The Convention"". I guess that's another episode of a popular t.v. show gone because it was deemed offensive regardless of the context.",12,reaction,analysis,
"Pam worked in a bridal shop in the 70s

&#x200B;

https://preview.redd.it/1f9g5fgge6d51.jpg?width=400&format=pjpg&auto=webp&s=384f2106616d2a3c8d4d0ac69872e6f588103f2d

From That 70's Show she is Stacy Wanamaker and works at Wanamaker Bridal. Kinda an Angela obvious passive aggressive attitude

She's also 6 months pregnant. Can't you tell?!",1,reaction,reaction,
"First Question: Who do you think you are?

Second Question: What gives you the right?",7,reaction,reaction,
"Oscar is spineless

Remember that episode where Oscar and his boyfriend pointed out at Pam's art that she is not courageous and honest and art requires honesty. 

However, we see throughout the series that he, himself, cannot take a stand where it matters. For example, on Shareholder meeting, he could have said what he was dying to say out loud to make his attempt in saving the company. Then, when he tried to change himself to date a guy who worked in the warehouse. Later on, dating Robert Lipton. All spineless acts from someone who acts like a moral compass for others.",6,reaction,reaction,
"Nancy & Steve

I think it’s so interesting that Nancy’s character had absolutely no chemistry with Michael. None, I know they are acting but she really looks like she despises him. I’ve been watching interviews with Steve & Nancy and they look like they’re still in the honeymoon phase, they both have such deep admiration in for each other. I guess that shows you how great they are at acting.",13,reaction,reaction,
"Which Stanley is better?

Which Stanley is better?

----
Third time's a charm (clicked submit on the poll too soon by accident). This one includes Pretzel Day Stanley. Interested to see what you guys think! I like Pretzel Day Stanley a lot.

----
|Vote Button| Poll Options|Current Vote Count|
|:-----------:|:------------:|:------------|
|**[Vote](http://redditpoll.com/vote/n6dEh0x7v)**|Florida Stanley|**9** Votes 
|**[Vote](http://redditpoll.com/vote/5M6pTrwx8)**|Company Picnic Stanley|**0** Votes 
|**[Vote](http://redditpoll.com/vote/VxQkC3E1q)**|Pretzel Day Stanley|**7** Votes 
----
**Instructions:**

* Click Vote to Register Your Vote.

----
**Note:** Vote Count in this post will be updated real time with new data.

----
Make Your Own Poll Here **[redditpoll.com](http://redditpoll.com)**.

----
See live vote count **[here](http://redditpoll.com/poll/which-stanley-is-better-2)**",2,reaction,reaction,
"Anybody wish Ed Helms could've filmed the hangover before or after season 9? So he could've had a good ending. Andy deserved better!

Alright I've watched the show multiple times. But i can barely get through season 9. You know when he left on the boat. It angers me how he got a crappy and depressing ending. He went from being the manager of Dunder Mifflin, finally getting with Erin, dumping his ex girlfriend. Not having robert there to boss him around or ruin anything. Having his job back from nellie. David freaking Wallace bought the company and made him manager. Just for it to be thrown away because he had to film some movie that no one remembers or cares about. I mean can you talk about horrible timing. It seemed like things were finally looking up for Andy really being a good manager like Michael. Imagine how it'd be if he never left on the boat. Him having Wallace as a boss now and no robert to get in his way. Erin being with him and them possibly getting married. Imagine the storylines. It'd truly feel like the office. Now i know that they did what they could with Andy's actor leaving to film a movie. But with all that happened. Andy should have just stay with his ex, (since Erin ended up with Pete 😒). And or he could have took Erin with him or something idk. I just wish Ed never left to film the movie. Or if he did. I wish it happened before or after season 9. To this day seeing Andy's character go up the down to it's demise always pisses me off. He ends up alone, made fun of around the world, forgotten by everyone on in the office, embarrasses himself, gets demoted, and just has a bad ending. For him to have taken michael's spot he sure got did dirty. Welp I've went on long enough. What do you guys think? Do you hate the way Andy got done? Idk some people hate Andy all together 💀",18,reaction,reaction,
"Dwight was right!

On season 7 episode 10, Dwight says that by 2020 China will have the largest economy. So, of course I did my research, and he was indeed correct!",5,reaction,reaction,
"Does anyone else hate Michael Scott?

I am halfway through basically my first time watching the office and I can not help, but hate Michael. I understand that he is a huge part of the office's dynamic and without him, the show might not work, but still, he is a racist, misogynistic, narcissistic, all-around terrible person. Every time his coworkers are rightfully mad at him, he acts like a baby until someone goes out of their way to make him feel better. His character is pretty hilarious and he can be lovable in some episodes. I still love the Office and the only reason I posted this was to see if other people see Michael in the same way, or if its just me. Peace and love **✌.**",8,reaction,reaction,
"Dwight listens to pams story

In the episode baby shower there is a scene where Pam is telling Jim a story of what happened while she was in restaurant or cafe, anyways while she is telling the story you see Dwight going through some papers but while doing that he is looking at Jim trying to listen to the story.

This happens in S:5 E4
Time: 4:20",4,reaction,reaction,
"They call me marky mark around here.

Does anybody else think they should do a series with Bob Odenkirk as his character Mark?",2,reaction,reaction,
"Michael and Erins relationship

A lot of people seem to kind of pass or skip over their relationship, but I think it’s one of the best in the show, and definitely in my opinion the most underrated. Erin grew up an orphan without ever knowing or having a significant role model or parent figure in her life. Michael is a middle aged man who has always had dreams or fantasies of raising children and a family. They fill the holes in the others life, and the way they come to grow together I think it’s just so cool. I actually teared up a little in the episode with Gabe having a party",12,reaction,reaction,
"I never understood...

...why Michael folded against Toby before the flop on “Casino Night”. Anything can happen on the flop, river etc. And he just gave up. Leads me to believe he really doesn’t understand poker, but I’m sure the rules were explained. Always bugged me",1,reaction,reaction,
"Was the coffee machine in the break room ever used?

Just curious, does anyone remember a time when the large “fancy” coffee machine in the break room was used? Not the coffee pot, but the big coffee vending machine. Of course it’s just a prop, but it’s interesting that the characters never used it to my knowledge.",9,reaction,reaction,
"What happened with the fire?

So the best cold open in The Office is where Dwight simulates a Fire, but he didn’t simulate it, he actually started a fire in a trash can in the hallway, so was that fire put out by Dwight? I know Wallace says, “you could’ve burned the whole building down”",1,reaction,reaction,
"I feel like every character has an episode where they gain respect for Mike

Like I don’t have one for each character yet but:

Jim- The survivor man episode, when Mike comes back and tells Jim about the time he did communal birthdays and that whole conversation. It just seems like there’s a different dynamic after that convo.

Pam- When he came to the art show, and really appreciated her work where Roy and his brother was barely there, and Oscar came with Gil just to critique it.

Stanley- When Stanley disrespects Mike during one of the meetings, and Mike just kinda tells him he can’t do that and that he’s Stanleys boss.

Theres more but those are my top ones- If you have any differing opinions or times for other characters let me know.",8,reaction,reaction,
"The Office Tour of Scranton

As a family we were looking for a socially distanced little weekend getaway. We are all huge fans of The Office... so we took a road trip to Scranton. 

We stayed at the Radisson because, well, duh. I asked for the Charles Minor suite. I got a blank stare. 

We visited the following places:

Lake Wallenpaupack - No booze cruises, unfortunately.

Lake Scranton - I was able to keep my car out of the lake.

Alfredo's Pizza Cafe - We didn't want any hot circles of garbage

Poor Richard's - I think I saw Meredith passed out in the corner

Antharcite Museum - And we stopped by the ride... well, I thought it was a ride. Apparently it's not a freefall.


Here are our pictures!

https://imgur.com/a/xWg4wF0",12,analysis,analysis,auto
"I just noticed the salt on the cars.

The office had been streaming at our house more or less nonstop for about a year.  The episode where Dwight and Micheal steal the info from the small family paper company is when I noticed all the dirty, salty cars. I live in the rust belt and that is what cars look like in the winter. The show was filmed in California. I was impressed with this detail.  I know it’s a silly thing but it made me smile.",30,analysis,analysis,auto
"I find Robert California really attractive, but not in a sexual way.

Like, I *am* attracted to men, but he's not getting me horny or anything. But... his face, and his hair, and his manner of speaking is all so alluring. I just want to look at him.

inb4 someone comments with ""everything is sex""",13,analysis,analysis,auto
"Andy being confused over his own sexuality in the ""Gossip"" episode is one of the highlights of his character on the show

I really love Andy's lines in this episode. ""This isn't the first time people have wondered if I was gay....almost makes you wonder if it's a coincidence...which it is...but it still makes you wonder"". Plus Ed Helms' comedic timing in his dialogue delivery in this episode is amazing

I wish the writers kept Andy as the weird and awkward yet well-intentioned side character. He was one of my favorite characters on the show until the writers inexplicably sent him on that boating trip and fucked up his entire character arc.",19,analysis,analysis,auto
"Just finished the office for the first time

I just finished the office for the first time. I’d always heard about how it’s such a great show and that I should watch it, and I just recently got around to it. What can I say other than wow. This show is incredible. I never thought I could feel so connected to characters in a tv show. The finale was breathtaking, I felt so many emotions at the same time. No doubt I will rewatch it, but do you guys go through the same emotions every time you get to the end? I’m amazed how much a fictional place can feel like home.",17,reaction,reaction,auto
"I love when a character breaks and they leave it in the final scene

I've watched The Office all the way through several times, and last night was the first time I noticed this... Rainn Wilson breaks right around 50 seconds when Michael grabs Jim's chest and yells ""Ohhhh Pam!"" and they kept it in!  Other examples of characters breaking in the final cut of the scene are Phyllis when Michael is delivering the watermelon baby in his office, Kelly when Kevin is sitting on Michaels lap as Santa Clause, and Jim popping Dwight's ""fitness orb"" (he had expected it to slowly deflate, but it went completely flat almost immediately, causing Jim to laugh, and you can also hear a quiet laugh in the background, likely from someone on the set crew).

Any other scenes where someone breaks and they kept it in the final cut?

[https://www.youtube.com/watch?v=1eWjGbQM9-s](https://www.youtube.com/watch?v=1eWjGbQM9-s)",20,analysis,analysis,auto
"S8E10 ""Christmas Wishes"" Thoughts

To preface this post, I am a huge fan of the show and have watched it a dozen times. This isn't meant to be offensive to the writers or anyone who disagrees with me, it's just my own personal thoughts on the topic.

So, we know that Jessica and Andy are together at the Christmas party, which is super awkward for Erin. Andy does the correct actions the entire episode, in terms of how he treated Erin. From asking if she wanted oatmeal, trying not to embarrass her when she makes drunken remarks directed at himself and Jessica, and to ask if she wants a ride home. This isn't the part that I disagree with. I really don't like the fact that The Office writers tried to spin the 'Andy keeping tabs of Erin while she is being consistently given drinks by a creepy older man who just went through a breakup' storyline into 'awwwww Andy must still like Erin'. No. He was doing what every person in that scenario should be doing. Keeping tabs of eachother is absolutely needed, especially when there is alcohol involved. I really don't like that they used these actions as proof that he still has feelings for her, while these are just preventative measures to make sure that nothing bad happens to her.

Sorry for the long post.",12,analysis,analysis,auto
"Anyone else love the subtle character development when Andy starts dressing nicer?

Andy starts dressing way snazzier and actually matching his outfits more once Robert takes over and Andy becomes manager. Anyone else notice this before?",11,analysis,analysis,auto
"I just finished watching the office for the first time and....

OMG Ahhh My heart is so full. I laughed and cried. What an amazing show. As a Scranton resident the whole show was funny because they used actual copies of our newspaper (Literally a man’s obituary was shown on it) and said an editor’s name. And the outside shots of Coopers and the Steamtown mall are real. And of course the opening theme song; there used to be this Ice Skating Rink called the Ice Box but it closed down a long time ago and now the closest rink is far away. Every time I saw that I wished it was still open. They studied Scranton so well; They used (Gerrity’s) actual grocery bags, magnets, zip codes, streets, restaurants, etc. I wish there was actually a beach at Lake Scranton. 

The outside shot of the cultural center looked real but I can’t tell for sure. Also you can’t take a train to Philadelphia or NYC from Scranton. I’m in my early 20s but I had actually never heard of the show until about 3 months ago and I saw online just now that there was a “Wrap up Party”-I seriously had no idea that happened. I remember almost all of my life really clearly so I don’t know how an event of 10,000 people flew over my head!",38,reaction,reaction,auto
"There are 5 people from the office in Bridesmaids

- Carol Stills / Helen’s tennis partner
- Erin Hannon / Becca, bridesmaid
- Hank the security guard / guest at engagement party “climb him like a tree”
- David Wallace / Helen’s husband 
- Cameron, Dwight’s nephew / Tyler, Annie’s set-up date’s son
- Concierge Marie / Rita, Lilian’s cousin 
- Casey Dean / Whitney, Bridal store employee 

Just thought that was interesting ¯\_(ツ)_/¯

Edit: 6*, I missed Concierge Marie

Edit 2: 7*, I missed Casey Dean",13,analysis,analysis,auto
"Gabe’s Condo

I’m fairly neutral on Gabe, but holy shit does he have a nice condo. Probably talking at least 1500sqft, very nice kitchen; can’t tell if it has a master bathroom though. 

Still, I am impressed.",13,analysis,analysis,auto
"Jim shouldn't have refused to call Andy ""Drew""

When Andy comes back from anger management, he tells people he'd like to be called Drew. Without any provocation from Drew, Jim says ""No, I'm not going to call you that"" and repeatedly calls Drew ""Andy"". This was uncalled for. The man was trying to reinvent himself as a better person.

This has just always bothered me - I think the writers kind of made Jim a dick in this scene without realizing it. What do you think?",32,analysis,analysis,auto
"The only part I cried during

For whatever reason, the one and only time I shed a tear or two during the show was when Dwight told Angela that the loved her by sidelining her in is Trans Am. It was moving to me and sweet, but also really dorky. Not sure why I was so emotional...

Also, who remembers Brian the camera guy who showed up suddenly?",14,analysis,analysis,auto
"What if the Scranton Strangler was actually Toby AND Creed this whole time

I mean it’s pretty clear that if Creed had murdered at least one person in the show",12,analysis,analysis,auto
"Phyllis is low-key one of the biggest assholes in the office.

Like she seems so kind and matronly at first glance, but as the show goes on she really starts racking up the asshole points. Be it stealing Pam's entire wedding, outright claiming that women are inferior to men, going completely mad with power and getting vengeful with Angela to an absurd extent, she fucked Bob in the restaurant bathroom while ostensibly having lunch with Jim and Pam, she becomes openly hostile with Karen for not knowing who her husband is... just... eugh. Eugh. EUGH.",38,analysis,analysis,auto
"Andy's car

So pardon me for not knowing the exact episodes but, there's a deleted scene from the episode where Andy comes back from anger management where Angela keys his car and he goes out and finds it.  Then in the episode where Andy is selling his car to Dwight, he points out the scratch and Andy played it off as a racing stripe. I dont know why but that always seemed weird to me until I saw the deleted scene and it made a lot more sense, so I thought I'd share.",36,analysis,analysis,auto
"Dwight’s annual income from beets: $600,000 to $1,800,000

Dwight owned a 60-acre beet farm. On any given year, he probably had 40 acres under cultivation. Each acre could yield about 15,000 bunches of beets (a bunch is about a pound) for a total of 600,000 bunches per season. Beet prices vary a lot depending on the type of beet and the quality, but if he was selling to a retailer he probably got around $3/bunch. That’s $1,800,000 per year. If we assume a lower yield (due to less-than-modern agricultural practices) of 7500 bunches/acre, and only $2/bunch due to lower quality, he was still making $600,000 per year from beets.

Note: This is revenue only. Does not account for opex (operating expenses).",10,analysis,analysis,auto
"Did Pam steal upwards of $10,000 in one day by becoming office administrator?

So in season 7 episode 2 *Counseling*, Pam mentions that as a salesperson she makes almost no money because it’s all based on commission. Presumably though, she’s making liveable wage.

Later, after declaring herself to be the office admin, she tells Oscar she brings home $41,500 as a salary in that position.

Now later, she tells Gabe she’s been office administrator for “a few months” and hasn’t gotten paid yet. However, obviously during this time she’s been collecting a salary as a salesperson. 

If “a few months” is taken to be ~3 months, Pam is, at least according to the paperwork all the heads of the departments signed, owed around $10,000 in back pay.

When she called it “the scam of all scams” I thought it was a bit of an overstatement, but she really did pull off a pretty substantial piece of fraud.",12,analysis,analysis,auto
"Pilot episode revelation.

When Michael and Ryan are in Michael's office, before he fake-fires Pam for stealing post-it notes, Michael asks Ryan if he is familiar with Jamie Kennedy Experiment and Punk'd.  B.J. Novak worked on Punk'd with Ashton Kutcher before being cast on The Office.",10,analysis,analysis,auto
"I have rewatched this show dozens of times and I just noticed a joke in an episode that I've never noticed an am ashamed........

The episode where they go to hibachi grill place to cheer Michael up and wind up inviting the Asian waitresses back to the work party... Michael marks the one with a marker so he can remember which girl he's talking to cause they're Asian and look alike. Yeah, I always got that part, that joke fucking killed me. How can you mistake those two girls, they look nothing alike other than being Asian! This time through though I realized *those are not their waitresses from the restaurant......* The scene where Andy says they're staring and so into them, the camera pans over and the servers are clearly discussing something. Then when they got to the office I realized...... They sent two other Asian girls! All the times I laughed at Michael marking her arm I was blind to see that *I was doing the same thing.* The two who went to the office don't even look like the waitresses from the restaurant! The absolute irony on my part makes that much more amazing. It was so great to have seen a joke in the Office that I didn't have memorized yet. I feel like it's the last joke from the Office I'll laugh at organically for the first time :'( i would kill to watch this again with a no previous knowledge",13,analysis,analysis,auto
"In S4E1 (when Michael breaks Meredith's hambone),

Pam tried to PAY to download a celebrity sex tape to a company computer... I mean, come on.",11,analysis,analysis,auto
"I just realised Toby and Kelly worked in the annex because they were producers/writers of the show and couldn't be on camera for most scenes.

And Ryan",81,analysis,analysis,auto
"I fucking hate Pete

He's not that bad of a person or anything but there are so many things that make me hate him. Let me start off with the most superficial parts. I hate his face. It's like someone took Jim's loveable circular head and crammed it into a square mold. He looks like a fucking cartoon character. Then there's his voice. Again, it is in a similar deep register as Jim's, but there's something about it that just makes me uncomfortable. It sounds like what playdoh tastes like. And then honestly, there kind of is his personality to hate too. In comparison to Clark, it's just non existent. Clark is funny, kind of awkward has a non threatening and likeable face, and testicles purely composed of steel. Clark also has more screen time to have a personality. Pete doesn't exist, he's just a cutout to put a wedge in the relationship of Erin and Andy. Making Andy horrible couldn't even make Pete look good by comparison. Every second Pete is on screen I want to die.",10,analysis,analysis,auto
"Songs from The Office

Anyone else constantly get songs such as Forever, Closing Time, and Goodbye Toby constantly stuck in their head because of The Office?",15,analysis,analysis,auto
"I wonder who told Michael that Angela was cheating on Andy with Dwight?

Because Michael was with Merideth at the rehab center when Phyllis told everyone.",10,analysis,analysis,auto
"Walk-on Music

At the next Dundee’s Award Show Dwight has music cued up for each person walking on stage. What would each characters signature song be?",1,analysis,analysis,auto
"Anyone else think Steve Carrel is coasting on his old man good looks?

The space show is just so blah.",2,reaction,reaction,auto
"Roy is actually a really nice guy.

After pam broke up worth him the first time I think he really did change, he went to pam’s art show, To the bar, and even though he tried to punch Jim, he seemed genuinely sorry and even encouraged pam to go and date Jim. He may not be the best dude, but there are worse people out there in the show.",7,analysis,analysis,auto
"Season 1 Episode 1

What the heck is the building shown at 13:33 in the pilot?!? I never noticed that before.",7,analysis,analysis,auto
"Nyuk nyuk nyuk

Just started watching the pilot again and realized Michael’s impression of Moe Howard is actually Curly.  “Student of comedy.”",5,reaction,reaction,auto
"Just noticed a plot hole with Ryan and Kelly

In Season 2, episode 14; The Carpet, Kelly begs for Jim to introduce her to Ryan. She said that he (Ryan) is so cute.

This scene suggests that Kelly has never seen or spoken to Ryan.

But, in Season 2 episode 9- Email Surveillance, Ryan and Kelly are sitting next to each on Jim’s couch while Michael is doing Karoke.",0,analysis,analysis,auto
"""Ask for Donald, Karen's bananas.""

Why does Philis say that to Jim? Is she insulting Karen (e.g., saying she's crazed)?

&#x200B;

 [https://getyarn.io/yarn-clip/f3c676a0-af5c-4261-86a2-c513e46e332b](https://getyarn.io/yarn-clip/f3c676a0-af5c-4261-86a2-c513e46e332b)",2,analysis,analysis,auto
"Top 3 favorite episodes?

Mines are:

1: Mafia

2: Branch Wars

3: Prince Family Paper",6,analysis,analysis,auto
"Theory: In season 8 Jim was subtly manipulated by Robert California to cheat on Pam.

In chapter 14 of the season, called ""Special Project"", Robert California sends a text asking Jim if he had clubs to play golf with him in Florida.

After a few exchanges with Pam about how the message should look to answer Robert they decided to write: ""Robert, great offer. Wish i could hit the links with you in Florida, but a father of a newborn really should be helping out his wife any chance he gets.""

Robert inmediatly replies: LOL.

So that's it for the Jim part, he looks at the camera with ""Jim's face"" and Erin laughs weirdly, but let's continue analyzing the rest of the chapter.

Dwight is chosen to found a new Sabre store in Tallahassee, so he proceeds to make his own team which is:

Darryl-Oscar-Phyllis-Toby-Angela.

And instead he gets:

Darryl-Phyllis-Kelly-Kevin-\*Cathy\*.

&#x200B;

No one, except Andy knows the real details behind that decision, i mean, he says that he got to keep the office working and Dwight can't carry all ""the big guns"" or the best sellers of the branch. But that ain't the real case, cause as a matter of fact, the only two persons in Dwight's list that aren't on Andy's (that by the way are really important for the office) are Oscar and Angela. But, on the other hand, isn't Darryl the warehouse boss? And what about Phyllis? She is one of the best salesmen in the office.

So finally, Dwight and the rest of the employees complain getting the right of an interview on which they can display why they should be chosen for the team.

The team gets consolidated inmediatly after Jim gets back and demands to be part of it because he felt pressured by Robert California, Andy agrees and it goes:

&#x200B;

Ryan-Erin-Jim-Stanley-\*Cathy\*.

&#x200B;

Not only Dwight didn't get the employees he needed, he also got Cathy. What does all of it have to do with the Robert and Jim situation?

This is when finally the theory begins:

It's clearly shown at this stage of the series that Robert is a weird, provocative, freudian and hedonist person. I also depict him as someone who enjoys making others' lives difficult, and the power to make others do what he want. It's the same guy who called Andy an ordinary man with no aptitudes that inspires others in an episode (I don't remember which), and who calls himself the Lizard King. C'mon! Who would think that Jim is trying to cheat on Pam having characters as dark as California?

So, back to the theory, it's logical to think that he couldn't let slide what Jim answered him back on the phone and that Andy was demanded to have Cathy on Dwight's team.

Why am I sure so sure about it? Because the series doesn't show in any time that she goes to the interview to justify why she should go to the special project in Tallahassee. However, it's the only person that is kept in Andy's first list.  

It's not the first time that Andy is threatened by Robert, the Nard Dog bought like $3000 worth of paper just to get the 8% asked for the boss.

Any more proofs? Look at how Cathy looks at Jim in the middle of the episode when she goes to the fridge, she's sure about something. How does she know that the relationship with Pam is going to end?

My answer is that Robert california told her that Pam and Jim are going to break up giving her the certain to ""do"" Jim. And that is why at the end of the chapter we can see Cathy calling a friend with the news.",6,analysis,analysis,auto
"A random connection I just noticed between The Office and Curb Your Enthusiasm

This is in regards to the episode where Bob Odenkirk is acting like Michael Scott.

In the newest season of Curb, John Hamm imitates Larry David ( which is absolutely hilarious by the way)

What makes this funnier to me is in that episode of The Office, Bob Odenkirk actually imitates the ""prettaaaay good"" line and asks Pam if she likes Curb. 

I wonder if this was intentional tribute by Larry David.",5,analysis,analysis,auto
"Let us not forget it was Toby who outed Oscar as Gay

In 'Gay Witch Hunt' S3 Ep1, Toby decided to tell Michael that Oscar was gay... He just let Michael take the fall",2,analysis,analysis,auto
"Anyone else don't like how the writers handled Michael and Dwight's relationship in the later seasons?

I'm talking about S6-S7 especially. It seemed they stopped being friends. They don't interact much anymore. Dwight says some really rude things to Michael in episodes like ""New Leads"" (garbage dump) or even in his last episodes.

Michael's best and saddest goodbyes were with Pam and Jim. I was hoping for something similiar with Dwight",3,analysis,analysis,auto
"What ""The Office"" tattoo would you get?

I'm considering getting a small tasteful tattoo of soemthing from the office. Do y'all have any ideas?",4,analysis,analysis,auto
"Darryl's question about Gettysburg answered

In the Gettysburg episode, Darryl seems genuinely interested in the field trip. I was a little upset that his question about the ""sigifigance of the peaches were to the Battle of Gettysburg"" was interrupted by Andy and Dwight. Anyway, it got me wondering too. Apparently [The Peach Orchard was a strategic position near the battlefield.](https://gettysburg.stonesentinels.com/gettysburg-battlefield/the-peach-orchard/) There you go Darryl, now you know.",8,analysis,analysis,auto
"In the episodes of Pam and Jim’s wedding, when Andy tore his scrotum, couldn’t Michael have taken Andy’s bed since he slept in the same room as Pam?

Your thoughts?",5,analysis,analysis,auto
"First time watching and I want to say this

When Mr. Michael Scott left for Colorado, this show really went downhill. Season 8 episodes, while there are some good ones, do not grab on to me as much as previous seasons, worse yet, i find myself doing other stuff while watching it which means  it's just a background! I want to like the entire show but Season 8 is not a good one... i don't want to know how bad Season 9 would be....",6,reaction,reaction,auto
"Do you know who really fucks? ""Greg Daniels""

...When you think about the fact that Jim and Pam are such soulmates, it’s really hard to imagine there would be any other human being who would be a threat to their relationship. But if you imagine that there was somebody off camera the entire time who predates Jim, and who has been watching and listening to Pam for longer than Jim has, then you start to go, ""Oh. That could be interesting.""",2,analysis,analysis,auto
"The office

Just finished it for the first time and am so sad it’s over. Such a great show",3,reaction,reaction,auto
"The REAL Michael Replacement

Alright, here me out. Wouldn’t it be absolutely brilliant if Ricky Gervais’ David Brent was the one to replace Michael after Steve Carrell left the show..? If you remember, he cameoed twice on the U.S. Office, and one was during the manager interviewing process at the end of Season 7. For whatever reason, either the writers or Gervais weren’t keen on David Brent’s involvement in the show. I would have loved to have seen David Brent as Michael’s replacement, perhaps we’ll see him in a similar sitcom some day...",5,analysis,analysis,auto
"An idea for the reboot

Honestly, I don't like the idea of a reboot with all the same characters. I feel like a reboot with fresh no characters and maybe creed still in there as he is immortal. However, if other cast, wanted to return, they could. It would be cool if we could get a new manager, and have dwight about to move with Angela so he takes him under his wing. I doubt it would have the same magic as the original but i trust the writers could make it great.",3,analysis,analysis,auto
"Why does Michael hate Toby

Hello I am new to the show (so no spoilers please) and I have no idea why Micheal hates him so much.",6,analysis,analysis,auto
"Quick question

(Sorry if this has been asked) why doesn’t Michael fire toby like dwight did in the last episode? Michael 100% hated toby more so it gives him more motivation so why didnt he?",4,analysis,analysis,auto
"Andy Asking for Deep Tracks Only

Season 7 Episode 13 when Dwight, Darryl, and Andy go to the skating rink, the DJ tells Andy he is the only one skating and asks him what he wants to listen to. Andy says, “Dave Matthews. No hits, deep tracks only.” Then the music starts playing and Andy says, “I said no hits!” But then starts dancing like he recognizes the song and likes it.

I asked my husband what the joke was supposed to be there because I don’t get it. He said he thinks it’s like Andy acting like he knows all about music so he wanted to “show off” that he knew about Dave Matthews.

I don’t think that’s very reflective of Andy’s personality. Ryan...yes, because he’s done that before, but Andy actually knows music, so I feel like he would know hits verses deep tracks. 

So what is the joke supposed to be here? Why does Andy fuss about no hits but then end up liking the song immediately?

I should note, I’ve seen The Office all the way through multiple times and this has always bothered me. I’m finally seeking help from you kind people.",5,analysis,analysis,auto
"Robert California should have taken the Michael Scott role.

Andy can’t carry the show like Michael did, but I’ll tell you who could; the motherfucking Lizard King. It’s a shame that they set him up to be the Michael replacement and then made him CEO to keep him as a secondary character.

Like, come on... it’s questionable whether Andy was even worth having stick around at the Scranton branch to begin with.",1,analysis,analysis,auto
"Trying to find a clip from this show.

The part where someone from the office asks Andy a difficult question and he answers using the weirdest voice ever ""well that is a very interesting concept"".",6,analysis,analysis,auto
"Can someone explain this quote from S3E2?

Michael goes ""I love inside jokes.  I'd love to be apart of one someday.""  Where is the joke or what is the joke here.  I always see it being quoted and never understood the appeal.",0,analysis,analysis,auto
"The Office was amazing until...

All the supporting characters got flanderized! I can't watch Seasons 5-9. I hated what they did with Kevin, Meredith, Creed, Oscar, etc. The Office is my second favorite show ever, but it had a massive issue with this. Anyone else feel the same way?",0,analysis,analysis,auto
"me trying to make my first post on reddit

""...all my ideas are either unoriginal, or total crap."" -Nellie Bertram  


Describes me trying to make this post perfectly",5,analysis,analysis,auto
"There’s too many streaming services, and using The Office as leverage for Peacock just exacerbates matters.

Netflix, Hulu, Amazon, HBO Now, Apple TV, Disney+, now Peacock? Are there some I’m missing?

It’s too fucking much. Every goddamned channel/media outlet does not need their own fucking streaming service. At this point they’ve got me rooting for Disney to gobble up everything so that I can get things on one platform.

Also, I have my doubts that people are really going to get on board with Peacock. I think that rather than having a significant swath of The Office fans jumping ship to buy Peacock, it’ll just hurt the show’s popularity.",6,analysis,analysis,auto
"Creed thoughts

What do you guys think is the best kind of car? To me, you cant beat motorcycles. They,re small  and dangerous.",5,analysis,analysis,auto
"Why is everyone so accepting of Creed?

So in the finale episode, Creed plays music for the whole cast and they all just listen along and are okay with it. Now, obviously this final scene is a great homage to the viewer, but thinking in the minds of the employees, why would they be remotely comfortable being near Creed?

During cutscenes of the documentary that all the employees watched, Creed not so subtly admits to being a murderer, and an overall horrible person behind the scenes to the others?

At the end of the day, everyone appreciates the realism in the office but due to this minor inconsistency I'm going to have to give the show a 0/10. :(",0,analysis,analysis,auto
"In seasons 1 and 2 you can see that Glenn’s uniform reads the name “Lester.”

&#x200B;

https://preview.redd.it/s7c9hn4fjv851.jpg?width=3024&format=pjpg&auto=webp&s=d73d8e5ba9552dc71466ef2e420973f93f915fac",3,analysis,analysis,auto
"It just keeps getting better, doesn’t it?

I’m watching *The Office* for the first (not last!) time. I’m a little more than halfway through the seventh season. I just really have to say, JFC, it really just keeps getting better, doesn’t it?

This show is just about the only thing that’s kept me from going *completely* insane during the pandemic.

I am amazed. I am awed. I am in love. Thank you. ❤️",2,analysis,analysis,auto
"So if you had to choose one episode, which one is your favorite?

(This has probably been asked 100000 before)",5,analysis,analysis,auto
"Favorite Episodes??

Just curious which ones are considered to be the favorites?",3,analysis,analysis,auto
"Ok so I know that no one asked but im just gonna go an a mini rant right here

Cathy from the office is a little bitch. This is exactly what happened

Jim did NOT have sex with Cathy. He called Dwight into the room to get her out. She says “jim and I had a experience in his hotel room” because she was trying to get them to break up when the doc came out. But the camera crew was watching while outside so they knew they didn’t have sex, which is why in the story, they cut it out from the doc. Because they know it’s bullshit, Cathy even goes as far as to say “figure out what we both want from this” so eventually Jim and Pam’s relationship can fuck up, but the doc crew said “nah fam”. But yea I think Cathy is a little bitch that should burn in hell

Fuck Cathy

(Cathy saying she and Jim had an experience was deleted scenes for the episode right after “after hours”",7,analysis,analysis,auto
"how was Michael affected by the doc in Bolder?

in the finale, a year after the doc aires, people mention how their lives changed because of the doc. because michael was in colorado, did people recognize him like they did pam or jim in scranton?",1,analysis,analysis,auto
"Mistake in the writing

In season 9 episode 19 - Stairmageddon, Stanley says that this hasn’t happened in his 17 years at the company. However, this is untrue because in season 5 episode 26 - Casual Friday,  Kevin makes his famous Chile but is forced to take the stairs because the elevator is out of order. MISTAKE IN THE WRITING",8,analysis,analysis,auto
"That scene where everyone dances down the wedding aisle to that horrendous music.

Ugh. Awful.

Oscar's dance moves were dope though.",6,analysis,analysis,auto
"I just thought of something if the characters were supposed to watch the documentary

Pam would be able to see all the things that Dwight did for her. She can actually see how great of a friend Dwight was",4,analysis,analysis,auto
"Bachelorette party

In S7E17 Threat Level Midnight where Michael finally shows everyone his movie I just realized that when Michael is about to do his Scarn dance that Karen and the office ladies are there for Karen- which means the fiancée was Jim. I just know Michael directed Karen by saying “pretend this is really you getting to marry my best friend Jim.” Just a little detail I noticed while high.",1,analysis,analysis,auto
"Poll

So who believes Pam wasn't that great, ""not lead material"" Jim could've done way better and gone further. And she could have actually worked on herself because really she was very complacent",4,analysis,analysis,auto
"The Office Quote Championship Sweet 16! (Upstairs Bracket)

Welcome to the Sweet 16 of The Office Quote Championships! We will play 2 brackets, the Upstairs bracket, and the Warehouse bracket. \*\*\*This is the Upstairs bracket.\*\*\* There will be 4 matches, and after a week of voting, the 4 most upvoted ones from each bracket will proceed to the elite 8!

How will this work? The highest seed will go against the lowest seed, and so on. You will have 1 week to vote on these, starting 6/13/20, and ending on 6/20/20

\*\*\*PLEASE DO NOT COMMENT, JUST VOTE\*\*\*",2,analysis,analysis,auto
"[Serious] The Office is helping me through a hard time but I rewatched it to death and I don't know what else to watch.

I have rewatched it like 5 times in a row. It keeps me sane (lol) and happy but it is losing its charming... Please help me sanely move on.

I have already watched and rewatched parks and rec. I need something new that can keep me in a good mood like the office . Can you please help?

Much love guys",6,analysis,analysis,auto
"I know what I'm doing today..........What are you going to do today?

&#x200B;

https://preview.redd.it/efbkxs0tk7d51.png?width=2806&format=png&auto=webp&s=7961148da5e742fb0cdb3201e755eeedbcb0e80b",4,analysis,analysis,auto
"J.J. Abrams directed se.3 ep.17 “Cocktails”

I had no idea. Never noticed it before.",6,analysis,analysis,auto
"Can I just skip to the end?

I've watched the episode after Michael leaves and already the quality of the show has decreased. It really isn't the same. Could I just skip to the season nine finale?",0,analysis,analysis,auto
"When people say to me they hate Nellie

&#x200B;

https://i.redd.it/tb3ra537tc551.gif",2,analysis,analysis,auto
"The Office Trivia

Come on out virtually for a night in the Electric City! Rumble Trivia is hosting a ""The Office Trivia"" night on 7/11 at 8pm. Tickets are $5 so don't be an ignorant slut and come join!

 [https://www.facebook.com/events/712371866280152/](https://www.facebook.com/events/712371866280152/) 

&#x200B;

https://preview.redd.it/zygpifqslg851.png?width=1280&format=png&auto=webp&s=4ebe7fb93c5c7b5ed23ca985aac32efee026da00",0,analysis,analysis,auto
"Lets analyze Charles Minor's presence/function in the Scranton Branch office for fun

On paper Charles Miner has no negative personality traits or personal habits as far as his conduct at work on the series, but he does seem to have the effect of being a buzz kill, of killing the natural momentum of the office by politely breathing down everybody's necks until they can't just do their job but they can't and don't complain about his style because its negative effects aren't obvious to someone being managed by him but as a viewer his flaws as a manager are quite obvious....but they're also much more in line with a real world manager's demeanor and expectations, from my personal experiences and other glimpses into office life.

So lets gets into this...

The Scranton Branch is described numerous times as being the number one sales leader in the company, it's the only branch to survive folding of other branches, mergers, the sale of the company and so on. David Wallace even admits that Michael and his Sales Team have the best, most consistent numbers. That would be Jim, Dwight, Stanley, Michael, Phyllis and then Andy and I guess briefly Ryan.

And fine, Michael is a ridiculous man child that is mind bogglingly weird, immature and emotional in a professional setting, but the show establishes time and time again why he's in that position- that he actually is an excellent sales rep and that he technically does a decent job motivating and managing his branch's staff. Almost like the entire Scranton Branch has its own style and that style works, such as  Jim's pranks, Dwight's cosplay reactions to minor problems and so on being tolerated if not encouraged. The series shows us that pretty much everybody in the office actually knows how to do their job (kind of...Kevin, Creed, Michael...etc.) and hit their numbers or whatever is required of them.

They've tolerated Michael this long and Michael's style effectively beat Jan's and Ryan's managerial styles and David Wallace seems to have this deep compassion and tolerance for Michael's entire persona, as well as seems to understand how to manage Michael in a most effective and respectful manner without jeopardizing the company, but still pushing Michael to do his best and try his hardest for Dunder-Mifflin/Dunder-Mifflin Infinity/Sabre, etc.

So then WHY send in Charles Miner as a Commandant to whip the branch into shape? Like, the show was as down to earth as possible with characters like Michael and Jim and Dwight and so on existing within the universe. But I feel like part of that realism involved displaying Michael's surprisingly but consistently competent moments- such as his entire demeanor and strategy and tactics securing the district paper deal at the Chili's in ""the Client"" episode, which also led to a believable drunken celebratory hook up with Jan. He's also been shown reprimanding Stanley privately after the ""did I stutter"" moment and a few others and even tries to get Meredith into rehab. Anyway, seems like if anybody within Dunder-Mifflin understood Michael's strengths and weaknesses it was David Wallace and the branch's numbers from their books would speak louder than any kind of character issues for a guy like Charles Miner in regards to Jim, Dwight, etc. I figured the dynamic between that character and the rest of the staff would have been more of Miner trying to mold people into being like him and really pitting the office against Michael and having like a battle for the soul of the Scranton Branch, despite how relatively embarrassed and irritated the staff is of Michael's antics, given what a buzz kill Charles Miner turns out to be, messing with the flow of the staff's work rhythms.

That said, from a thematic and creative standpoint, I obviously understand that the character of Charles Miner serves as a) the new Ryan, who served as the new Jan and that b) he was created as a sort of antagonist for the season, hence leading to the Michael Scott Paper Company story line and some hilarious sequences. It makes sense why they designed a character like Charles Miner for this story arc within the series. I also understand it was probably interesting to throw in an extremely normal, sophisticated, professional, focused, affable but no-nonsense character to juxtapose with Michael and even Jim and Dwight and all the other office workers. I feel like Charles Miner would have eventually found a way during an interaction with every single character to be super affable, confident and easy going but still make things so awkward. Again, I understand the humorous angle of every aspect of the Charles Miner dynamic- like Jim looking ridiculous for his prank the day Miner first checks in on the Scranton branch, which leads him to assume that Jim is extremely lazy and thus ineffective. But see, given how smart and how much of a company yes man they kind of establish his character to be, I would think he'd be aware of their overall sales numbers, he would recognize Jim's creativity and intellectual listlessness- Jim isn't someone you simply pressure to stay on the phone a larger percentage of the day- and thus he would see 'potential' in Jim and see the 'value' in Dwight and so on. Like, I could see him viewing Michael as superfluous and a bad influence on the office. Even so, Miner's perfectly professional, polite and somewhat charming, yet harsh and awkward approach rendered him a seemingly humorless person with very little ability to truly gauge other people's strengths and weaknesses but great at exploiting his own and at the very least subtly pressuring people into doing things his way- such as casually telling Jim to give him ""a run down"" which is obviously a very generic phrase that seems kind of obvious but would be up to interpretation- a run down of your yearly sales figures? A run down of the budget for the whole office? An analysis of the sales division? An off the top of your head retelling of the Rundown film starring Dwayne ""the Rock"" Johnson and Seann William Scott? Like, obviously in real life Jim would just ask Charles Miner to clarify, that he has never formally done anything called a rundown as part of his job, which he's had for six years or so at that point, but that wouldn't be as comedically effective...Even so... I digress... I've worked in offices for a few different kinds of bosses, from Michael Scott types to Charles Miner types and even Ryan types and yes even Jan's, so I get what the intention was of bringing in a guy like that and letting him re-configure the branch as a result of Michael being, well, Michael, but...

I'm not complaining at all. I love this story arc. I love the character. All of the interactions are hilarious. It just crossed my mind that even within the show's logic, I simply felt like even within the logic of the Office universe, Charles Miner's looming presence over the Scranton branch didn't make a ton of sense beyond it being an effective comedic and thematic tool for the season.",1,analysis,analysis,auto
"Jim is a piece of shit.

Jim Halpert is a piece of shit for many reasons but here I'll list two.                          1. He manipulated pam into dumping Roy and 2. He led Karen on then dumped her ass for pam",0,analysis,analysis,auto
"Michael's thoughts on Andy

Ive been rewatching The Office for the thousandth time, and just asked myself a question. What would Michael think about Andy being manager? We never get to hear his thoughts.",1,analysis,analysis,auto
"What's wrong with Angela?

I just reached Season 9 Episode 8 and I have just completely lost it.

I have hated Angela's character always for being mean, hypocrite and general unpleasantness. But in this episode she wants to kill Oscar killed!!! I mean she was cheating with Dwight anyways so it's not like she care about her marriage. She is so selfish and only cares about her marriage so that she can keep yapping about *Senator*

Over past few weeks I had got very connected with the show and it ~~emotionally hurts~~ annoys me to see this.

Edit: Fine I guess emotionally hurts is too strong a word. So let's just say I feel really annoyed. To the extent that I don't even want to go ahead.",3,analysis,analysis,auto
"Micheals 3 Vasectomies

Is anyone going to talk about the fact that Michael has 3 vasectomies and miraculously had children with Holly? 

From what I understand, the chances of having kids even after 1 reversed vasectomy is pretty low. But after 3??? What are the chances?",4,analysis,analysis,auto
"does anybody else think it's disgusting how the bathrooms are in the kitchen?

gross",3,analysis,analysis,auto
"Okay, here are some observations for which I need some explanation.

So, Michael was definitely the most important character in the show for 7 seasons. So, after he was gone, there wasn't really much talk about him. I mean, they barely mentioned him in the last few episodes. I mean, the bosses who followed him were not good at all.

Also, in the finale, he barely had 3 lines. I guess it was so that he doesn't steal the spotlight, but Michael wouldn't be so silent when he finally saw his 'family' after so long. That's too much character development in 2 years. I really cried when I watched him after so long ( and such a terrible season)",3,analysis,analysis,auto
"My favorite characters ranked

1. Michael Scott (Obviously)
2. Jim
3. Creed
4. Dwight
5. Andy
6. Kevin
7. Kelly
8. Stanley
9. Darrel
10. Phyllis
11. Ryan
12. Meredith
13. Robert California
14. Karen
15. Pam
16. Angela
17. Packer
18. Oscar
19. Holly
20. Jan
21. Gabe
22. Toby (Obviously)",0,analysis,analysis,auto
"Trivia!

What does Pam always wear? (It’s not keds, sweaters, button-down shirts, or contacts) he said it was an audio question so that say what she always wears.",0,analysis,analysis,auto
"Was everybody deaf that morning?

In the episode where Phyllis gets flashed, after Dwight runs out, Jim proceeds to call the real police as everybody goes on to help Phyllis.  Andy comes to the front and quickly chimes in and asks what happened and what could he to do help.  No one responds to him.  He then pauses after the weird silence and then follows up saying he'll 'check the web' and walks away.

Later the in the episode, Dwight tells Andy he's a preppy freak, he's the office pariah and nobody likes him.

What did I miss?  Why did the whole office not hear him?",2,analysis,analysis,auto
"Michael watching The Wire (Night Out)

I searched but I didn’t see this pointed out. Only thing I saw were casting crossovers mentioned. 



Michael lays out a plan in the episode about finding Ryan’s drug dealer and flipping him so he rolls on his supplier or whatever. Then he references how much he’s been watching The Wire lately. I just realized he watched the show and the strategy of the incompetent middle management in the police department is what resonated with him. Which is proven ineffective throughout the entire 5 season run of The Wire.


Sounds like Michael to me!",2,analysis,analysis,auto
"Favorite/Least favorite characters

I recently finished watching The Office for the first time, so I wanted to speak about my top 3 least favorite and favorite characters

Least favorite:

 3: Nellie. I really hated Nellie when she took away the manager position from Andy. After that she was honestly not that bad, but the show didnt really need her.

2: Todd Packer. He was just very rude to everyone (except Michael) and his jokes werent really funny. I do think the show is better with him than without him, but that does not change the fact that he was extremely annoying.

1: Janet Levinson. I just cannot stand her. She was mean to Michael before they have been dating, while they were dating and after they were dating. You can legitimately say that she was a psycho once her daughter arrived. (But I really liked that she didnt have been written out of the show ultimately and appeared in some later episodes) 

Favorite:

3. Michael Scott. I dont think I have to say much about him; he was indeed funny, his synergy with Holly was awesome and he has the most iconic lines of the show imo.

2. Oscar Martinez. I think Oscar is the most underrated character. He is extremely smart, has incredibly funny lines, is a very good friend (for example to Kevin) and not just tries to compensates his mistakes, but does it (for example with Angela and his affair to the senator)

1. Andy Bernard. I love Andy. He is pretty underestimated by almost every other character, every scene at which he sings or makes music is hilarious and the best thing about Andy: His character is a double-edged sword, he is not just a boring one-dimensional character. He sometimes acts very likeable, while in the next moment he becomes more annoying, but everytime when it seems like he has done something bad, when you think about it, it was kinda the right thing. Two examples: The one time, when he spoke to the press about the printers that were igniting, he said, that he was worrying about the customers, he did not just thought about the money he could get by selling them. Another example is, when he was on the boad for three months without Erin, he did it obviously for himself, but also for the relationship with his brother which has been cumbling over the last years. 

&#x200B;

Now that you have read my opinion: Who are your favorite/least favorite characters and why?",7,analysis,analysis,auto
"Michael's Age

Just curious- have any of you ever thought about how when Michael calls Phyllis a grandmother, Phyllis says that Michael is the same age as her, stating that they graduated in the same high school class, when in fact Michael is older than her, claiming to have repeated the second grade multiple times?",7,analysis,analysis,auto
"The Office Quote Championship Round of 32!

Welcome to the Round of 32 of The Office Quote Championships! We will play 2 brackets, the Upstairs bracket, and the Warehouse bracket. \*\*\*This is the Upstairs bracket.\*\*\* There will be 8 matches, and after a week of voting, the 8 most upvoted ones from each bracket will proceed to the sweet 16!

How will this work? Seed 1 will go up against seed 16, 2 against 15, and so on. I will post the warehouse bracket tomorrow, but you will have 1 week to vote on these, starting 6/4/20",0,analysis,analysis,auto
"Where to buy/stream The Office season 7-9 in Germany?

Hey everyone, I was wondering if anyone could tell me how best to watch the last three seasons of the Office in Germany? 
The previous seasons came in DVD packs (1-3 and 4-6), but I can't find anything similar for the remaining seasons. I don't really wanna spend 30€ for each new season if I can avoid it, so does anyone have any (legal) tips for me? Maybe there's a streaming site that hosts it?",1,analysis,analysis,auto
"What’s the deal with Scott’s Tots?

I always hear people say it’s the most cringeworthy and awkward episode of the office that is really hard to watch. But I don’t actually feel that way about the episode. Yeah it is hard to see a bunch of students get their heartbroken but I just saw myself laughing at michaels stupidity. Can someone plz tell me why this episode is so awkward for others?",7,reaction,reaction,auto
"Jim and Pam's Wedding is GOAT

I cannot watch this episode without getting goosebumps all over. I have probably seen it 10+ times and still, every time it makes me so happy. I have been married just over a year now and watched it today for the first time being married and it just hits home even harder.

&#x200B;

I literally love this show.",6,analysis,analysis,auto
"Breaking a flatscreen TV

Anyone here watch The Morning Show? Within the first ten minutes, Steve Carrell destroys a flat screen tv hanging in the wall. 

Am I the only who caught this? Do you think he mentioned it in the initial reading?",2,analysis,analysis,auto
"The cameramen

I was watching Phyllis' Wedding last night and I realised that the cameramen could have helped finding Uncle Al (as they were filming him at the pedestrian crossing), instead of letting people worrying about him at the wedding.

What other situations could the cameramen of helped in?",9,analysis,analysis,auto
"Help make my girlfriends dream come true

Help me give my girlfriend the best quarantine birthday ever

I know this is a long shot, but I’m hoping the internet helps me out. My girlfriend and I have been quarantining since February, and it’s really starting to take a toll on our mental/emotional health (as I’m sure it is for everyone). She is taking it especially hard and recently had to start going back to therapy. Now her birthday is coming up in August and we won’t be able to celebrate with any of our friends. This is where I’m hoping reddit can help me out. The Office is her all time favorite show, like she can recite almost every episode from memory, that is how much she loves it. I know this is a long shot, but it would be a huge morale booster and the best birthday gift for her if any of The Office cast members saw this post and shared a birthday wish and some words of encouragement for her.

I know everyone is struggling right now and we’re not a special case, but I really want to do sometime special for her during these tough times, and this would just blow her mind. So please help me make her birthday dream come true reddit. Thank you!",6,hot_take,hot_take,auto_v2
"Michael from an Office perspective

From a strictly office perspective, Michael is the worst boss ever.

We just love him because he's Steve Carrel and a terrific and funny actor but as a boss, you'd blow your brains out every week.

Change my mind.",3,hot_take,hot_take,auto_v2
"What Michael should've done with the Pizza by Alfredo kid

He should've sent him back. Eight pizzas wasted would've been a lot of ingredients down the drain with no compensation would've been very upsetting to the management at PbA. They likely would've fired the kid, especially considering they told Michael on the phone that he would get the discount.",2,hot_take,hot_take,auto_v2
"Angela docking Andy's pay in Season 8

This scene has never made sense to me, and I just got to this episode again for the (no joke) 50-100th time. This is my first time in this sub so that might be low compared to average here, who knows.

Angela, very literally the episode before, does everything in her power to throw an awful party for Nellie. Even under Michael Scott, and the future Andy when Wallace buys the company back, she doesn't hold as much contempt as she does for Nellie in that moment. Mind you, this was all after Nellie gave the raises out and received the ""Tinkerbell applause.""

Angela had every opportunity to dock Nellie's pay instead of Andy's, and although it might not have changed Robert California's twisted, sexual mind very much, it would've shifted the mood in the office towards who the actual manager was.

Please explain to me why you think Angela docked Andy's pay instead of Nellie's. Please avoid using logic such as ""the show needed the shake up because the viewers didn't repsond well to Andy as the manager."" Let's all pretend this was a real place with real people: why on Earth would Angela take the side of someone who just days before she purposefully threw a terrible party which she never had done for any manager in the past or future?",7,hot_take,hot_take,auto_v2
"Ranking The Seasons

So I’ve seen the Office 5 times all the way through, you know your average Office fan, and I think I’ve watched enough to rank all the seasons. Buckle up cause this is a long list. Sorry if my thoughts are all over the place here. Lemme know your rankings down below cause I’m curious.

9 Season 1

Ah yes the dreaded season 1. I know a lot of people like season 1, I do too. But season 1 is the reason a lot of my friends started and then very quickly stopped watching The Office. There’s literally memes about trying to convince you friends The Office gets better past season 1. The main reason this season is last is cause it’s not really The Office yet. It’s cringey, like the other seasons, but in the other seasons there’s heartwarming moments that at the end of the day no matter what the characters have done you still like them. Like Michael. Michael is just an idiot jerk in this season. Plus the hair. I can’t get over the hair. What even happened to Steve Carell’s hair in between seasons lol. Plus the episodes themselves aren’t great either, with the exceptions of Diversity Day and Basketball. But still enjoyable TV.

8 Season 8

So many people hate season 8. And for a reason. It’s definitely nowhere near peak Office. I think season 8 is just a smidge better than season 1. It benefits from already established characters and f it, Robert California was great. The writing just isn’t that good in this season though. Obviously they were still figuring out life without Michael. But Andy wasn’t the best manager, the believability factor was down, it wasn’t as funny, and there were some really bad moments. Poor Andy. Look at how they massacred my boy. I don’t hate Nellie like everyone else cause she redeemed herself in season 9, but I hate her here. There are some really good episodes though, I loved the Florida episodes, and the middle of the season with Trivia, Christmas Party, etc. was a high point. And my favorite episode from season 8, Pool Party. It’s like Dinner Party 2.0 but replace Michael and Jan with Robert.

7 Season 9

Season 9 was a lot better than season 8 imo. Clark was a nice addition, and they absolutely nailed the last few episodes. Who can watch the finale and not get emotional? There was a great Christmas episode with Dwight Christmas, but then again when are Christmas episodes not great? And am I the only one that loves Here Comes Treble? That episodes a guilty pleasure for me. And there’s Work Bus. That episode is hilarious. I don’t really mind the whole Jam-Pam marriage problem thing. To me it made it more realistic and interesting. Another thing I loved about this season is Dwight and Jim’s relationship evolving, and Dwight and Pam‘s friendship is sweet. Dwight and Angela is also an underrated relationship. Really shows you how much Dwight was carrying the show in a way. But this season isn’t without its negatives. There are a lot. They continue to butcher Andy’s character and make him a loser. Ruining Andy and then setting Erin up with Pete who’s basically a rip off Jim with little to no character (sorry it’s true) might have been my least favorite part of the entire show. I mean they saved Andy’s character a little bit near the end, but cmon. Plus there are some weak season 8 feeling episodes in here. To me this season is the most up and down of the series. But its definitely more enjoyable than season 8.

6 Season 6

Season 6 is a weird one because I honestly loved the first half of the season. Once we reach The Banker everything goes downhill. I like the first half maybe more than most people. For as unbelievable as Mafia was I thought that was hilarious, and when Michael had to go to the shareholder meeting that was priceless. Plus there’s classic episodes like Niagara, Secret Santa, Murder, and the dreaded Scott’s Tots (which I’ve only skipped twice suck on that). Michael dating Pam’s mom was a little weird but not a bad storyline. The second half of the season felt like they were running out of ideas. Well they had ideas, they just weren’t great. Sabre could have been done a little bit better, the Michael-Donna storyline wasn’t all that great, and St. Patrick’s Day and New Leads are kind of boring. Gabe and Jo are nice additions to the show though. Luckily things pick up in season 7.

5 Season 5

This is the last season where they were riding the wave of greatness from the insane run that was seasons 2-5. Idk how they managed to keep it so consistent and so funny for so long. At 28 episodes, season 5 does feel like it has some filler, particularly near the beginning. I wonder if it’s so long to make up for the writer’s strike in season 4. There’s not too much going on besides stuff with Michael and Holly. Things start to pick up in the middle of the season with some solid cringey episodes like The Duel and Prince Paper. Not to mention one of the best episodes of the series in Stress Relief. Then we go on a little Michael love quest with Lecture Circuit and Blood Drive. But the saving grace of this season comes near the end, with the Michael Scott Paper Company episodes. Whoever came up with that idea is a genius. The Michael-Pam-Ryan dynamic is so fun to see. And they end it off in a great way with Broke. Idris Elba was a dislikable character and really not that interesting though. But that’s ok cause he really didn’t have to be. He was set up as kind of an antagonist. Also I love how they show how good of a boss, despite his flaws, Michael really is. His methods somehow work. He creates a fun work environment that people love working in. Yes, they do love working there everyone says so in the finale. Then to close off the season we get Cafe Disco and Company Picnic which are both amazing. You really start to root for Michael and Holly. Overall a very solid season.

4 Season 7

Yes, I love season 7. I think it’s super underrated, so what sue me. No don’t sue me that’s the opposite of the point I was trying to make - Michael. I don’t just love season 7 for the Michael and Holly stuff. Even though it’s great. I think there’s tons of underrated episodes near the beginning like Counseling, The Sting, Christening, Viewing Party, WUPHF, I love all of those. Also Andy’s Play is one of my favorite episodes. Then there’s Classy Christmas which in my opinion is the best Christmas episode. Threat Level Midnight, Michael’s Last Dundies, I could go on.  Even without Michael, they manage to end off season 7 really well. And it was fun to finally see Dwight as acting manager, it was exactly how you might think it would be. Plus Michael leaving was simultaneously heartbreaking and heartwarming. The show was pretty much doomed when he left. The only reason this season isn’t as good as season 2 is because the Jim-Pam dynamic isn’t there.

3 Season 2

Season 2 at 3? Yes. That’s not cause it’s not amazing, it’s just how good the other seasons are. This season is what people think of when you mention The Office. Jim and Pam, We’re still discovering that Michael isn’t a horrible boss, Jim pranking Dwight. All classic stuff. Plus it’s super funny. The injury is one of the funniest Office episodes. I can’t tell you how hard I laughed when Michael put down “taking someone to the hospital” on the fill out sheet. There isn’t really an episode that falls below an 8 out of 10. Plus it’s cool to see everyone evolve and really get into character. The best episodes of this season are when something major happens with Jim and Pam like Booze Cruise or Casino Night. Such a great cliffhanger in Casino Night. The show starts to go from decent to great with The Dundies, Office Olympics, and The Fire. The Client is also great. All around super solid.

2 Season 3

Season 3 takes everything from season 2 and makes it better. More solid episodes, it’s more consistent, it’s funnier, it’s more creative. The only complaint I have with season 2 is Jim and Pam’s friendship isn’t really there cause of the transfer, but whatever. The whole different branches dynamic is great and makes the episodes more interesting. Also we get to see Andy before he became the Andy we know throughout most of the show. Karen was a cool character but she was really just a tool to cause friction between Jim and Pam and keep them apart for longer. That’s a big thing in this season is using suspense and tension. Beach Games and The Job are an excellent finale. I could list all the episodes and how much I like them but we’d be here all day. Amazing season.

1 Season 4

And finally the best season and my favorite episodes of TV ever, season 4. The main reason why I think season 4 is the best is cause it’s so consistent. From the beginning with Fun Run, to Night Out, most of the episodes are 10/10. And that stretch of episodes also has Dinner Party, the best episode in the series. A lot of people don’t like season 4 as much as 2 or 3 because they put Jim and Pam together, but to me this season shows how good this show can be even without the tension between Jim and Pam. Plus it’s nice to finally see them dating. Ryan being the boss makes for some incredible moments. That was a great pick for that job by the writers. Michael and Jan’s dysfunctional relationship is gold. We see it bending throughout until it finally snaps in Dinner Party. The 40 minute episodes were a good change of pace and made for a great start to the season. You could point out so many memorable moments. Michael drives his car into an fing lake, they do a 5k for a disease that’s already been cured, Jim and Pam stay at Dwight’s farm overnight. And that’s just in the first four episodes. The only two episodes that I didn’t love came at the end of the season, Did I Stutter and Job Fair. Did I Stutter has some great moments, I just don’t think it lives up to the other episodes. Job Fair is pretty good but there’s kind of a lackluster B plot in the golfing trip and a pretty funny plot with Michael, Oscar, Pam, Daryl, whoever was at the job fair. But it picks back up with a great final episode in Goodbye Toby. This is the episode where Holly is introduced and it’s executed perfectly. It would have been cool to see more episodes in this season but I’m not complaining cause we only got good stuff with the 14 episodes we got. Plus the long episodes kind of made up for it. Let me know your list!",7,hot_take,hot_take,auto_v2
"I think Pam is annoying and Karen deserves better reputation

Originally I really liked her character, but the more I watched on the more I found her more annoying, less entertaining, less funny, etc.

I really don't like how the camera crew does little ""favors"" for her, like interacting with her more often when I think they're not allowed to (them pointing out signs Dwight was dating Angela, bumping her with the mic when she was sad, comforting her, literally fighting some guy because he was mad) meanwhile they don't do any of this for anyone else like when *when Angela was legitimately going to have Oscar murdered/his kneecaps shattered*.

Also shes just kind of annoying and bitchy seeming, especially in later seasons when she was having problems with Jim. One of the parts that annoyed me the most were
 A. When she INSISTED she could record Cece's recital on her phone, completely fucked it up to take a phonecall in the middle of a recital (who the fuck does that??) And then just laughed it off and barely apologized.

B. When she was upset nobody came to her art show. Honestly, what did she expect from some random coworkers who aren't exactly her friends? Everyone always feels bad for her but honestly, think about it. Someone in your work/class/club has an art show, you're not particularly interested in art and you don't know this person too well, you're just friendly acquaintances, would you actually go?

And SO many people dislike Kaden just because she didn't like Pam which was reasonable because she was *obviously in love with her boyfriend*. She was a good character and doesn't deserve all the hate she gets

Some fans go *nuts* when you say you don't like Pam and I don't really understand it lol, she's just boring after you watch the show a few times",21,hot_take,hot_take,auto_v2
"Season 6 episode 5

I just rewatched the episodes with Pam and Jim's wedding, and am I the only one who thought the hotel staff were huge assholes for just incinerating Kevin's shoes? They didn't even offer him a discount or offer to replace the shoes! They did my boy Kevin dirty",2,hot_take,hot_take,auto_v2
"Netflix should have a shuffle/random option

Don’t know how many times I can’t find something to watch on Netflix, so I just decide to have The Office on in the background. Then I can’t decide what episode to put on. If there was a shuffle button that would put a random episode on and continue to shuffle after each episode would be rad!",13,hot_take,hot_take,auto_v2
"Office Ladies

I’m an Office superfan and have watched from start to finish 10+ times. It just never gets old. I finished watching a couple of months ago and I’m ready to start again. I’m wondering about whether to watch alongside each episode of the office ladies post cast. Has anyone here done this and can let me know how it went for you? Only drawback is each episode would become about 3x the length with the podcast included and it’s going to take a longgggg time. Let me know!",6,hot_take,hot_take,auto_v2
"Is it just me or does Dwight become deeply unlikable throughout season 5?

I find myself continually getting pissed off at him whenever he's arrogant and self-centered, even though it's usually so entertaining.

I think it might be because he seems to be losing his respect and loyalty to Michael. Which on the one hand is understandable, it's not like Michael treats him well. But on the other hand, his loyalty and even apparent love for Michael was his big redeeming quality. Now he just comes across as a total jerkass and I'm actively rooting for him to be fired.

I love when Toby stands up to him and takes control of the meeting. I just hate that he only threatened to write him up instead of outright doing it.",3,hot_take,hot_take,auto_v2
"Popular Opinion? The Office is actually the greatest television show of all time

I have been watching the show since season 2 of it's original run. My then girlfriend, now wife introduced me to the show.  The original cringe factor caused me to look away and want to turn the show off. I've now seen the entire run show through about 80 to 100 times I'd guess. It still has not gotten old to me. Being able to watch without the cringe is better.

This won't be as popular but I like season 8 and 9. This is where I reveal I'm a homer and grew up a 10 minute drive to Dunder Mifflin's own Scranton, PA. Even the Andy stuff doesn't bother me. I love all the characters and the latter ones even fit so well. Maybe it's a bit of nostalgia because I know and have been to all the locations. I've seen Ed Helms play bango and met Kevin/Brian. It doesn't get old to me and there's no profanity or adult enough situations so I can watch it with my kids around. I genuinely believe it is the greatest television show of all time.",16,hot_take,hot_take,auto_v2
"Hey all! Would love some help with ideas for an bullet journal spread?

I don't really *get* the Office but my husband loves it! I make his bullet journal (custom planner) for school each year. We all know this school year is going to be a bit ...challenging. This time around I'd love to do an Office themed month. 

I know Creed makes him laugh and the episode with the dinner party is his favorite. Other than that, I'm totally lost... What are some good quotes or things you'd want to see in a weekly planner? What parts of the show would give you a laugh and brighten just another day in the office? 

Thanks!!",9,hot_take,hot_take,auto_v2
"Is the office set still set up?

it would be kinda sad if they had to take it all out. idk if anyone could know that",3,hot_take,hot_take,auto_v2
"Michaels vasectomy

I just came to this realization after watching s3 e17 “Cocktails” at the end of the episode Jan says maybe it was a mistake to take the relationship public,m, and that she liked when they were a secret because it was wrong. Well in the “Dinner party” episode (s4 e9) we hear Jans assistants’ song and it’s pretty obviously about Jan and him hooking up. Well in the song he say “so raw so right” and Michal mention getting a vasectomy because Jan didn’t want kids then having it reversed because maybe she did want kids, but she didn’t, she was worried that Hunter got her pregnant so she needed Michael to be fertile or he know about her cheating if she was pregnant. Then when she knew she wasn’t she had him get another vasectomy.",6,hot_take,hot_take,auto_v2
"Am I the only one that found Andy and Erins relationship to be super problematic?

Andy was 13 years older than Erin. She was around 25-26 and Andy would’ve been 38-39. When they had their first date in season 6, Erin would’ve been 23-24 and Andy 36-37. Not to mention that Erins young age is referenced to several times during her first appearances. She’s also into more childlike aspects in life, as we see with the Halloween party she made. She’s a childlike presence and character, and that makes it a bit more creepy that a guy as old as Andy would be into her. This isn’t even to mention his boat trip and subsequent behavior when she started getting closer to Pete.",10,hot_take,hot_take,auto_v2
"I love how in the Surplus episode when Kevin says “Hey Michael, what's 394 times 5,912?”, Michael starts doing the math like he actually can figure it out lol

So funny",20,hot_take,hot_take,auto_v2
"Unpopular Opinion: Holly is annoying.

I cam feel the hate coming but someone like Holly just isn't realistic. She's too made up. No one is that normal and shy yet that quirkyy to the level that it would fit with Michael Scott. They went too far writing Holly. She has no character.",5,hot_take,hot_take,auto_v2
"Spin off shows that could’ve had taken the Office Universe to a whole new level:

Titles are crap, sorry.... 

Creed- a serious take on Creed, instead of going to prison he is found to be incompetent due to a battle with dimension and other issues. In flashbacks we see that he loved his co-workers so much he would go as far as killing for them but since he is an unreliable narrator we have no idea if they are memories, dreams and we have no idea if he is faking it or not. It would be a more serious tone then the office. 

Nelly- more of a “Working Moms” vibe. We see Nelly in the UK through becoming friends with Jo and see her battles with depression, anxiety and addiction.

Trevor- would be a reality serious but not by a film crew, but filmed by some of Dwight’s misfits who saw the doc and wanted to make one. Trevor is no longer a hit man but is a bounty hunter with the help of the misfits. 

The Senator- follows the political career of Oscar leading to a show down with Leslie Knope for the White House. Not a doc, more like the vibe of the movie The Campaign. 

*named after Kevin’s bar*- not a series, a one time special that picks up the day after the finale, we find out that Kevin has only owned the bar for a few days, it is the adventure of the bar and how Kevin manages to lose it within one week. 

Hide and The Brit- Hide gets hired by David Brent, they have to fight to survive when the Yakuza finally locates him. Action/comedy.",14,hot_take,hot_take,auto_v2
"how's my tier list?

here's a few character explanations (characters were ranked by relevance to the show and also how good a person they are):

toby: i actually like toby, i think he does well as a character in the plot and also is a generally fine person.

phyllis: i. hate. phyllis. if you disagree, please explain why, i'd love to know

jim:  some of you prolly think jim should be S, but i think he's just a tad  overrated. I love him and his character but i don't think he should be  S. again, comment your opinions and why, i'd love to know :)

creed: CREED BRATTON IS THE NEW MANAGER. creed's a legend, you can't deny. also he makes good music.

hank: i could see putting him lower, but... ""just me and the blues?"" i love that song

i'd love to hear what you guys think, who you think should go where and why, ect.

(also  idk why kelly isn't on this list, she'd be either an A or a B, shes a  good kid but got caught up with ryan and... you know.)

https://preview.redd.it/8hrmts01kd751.png?width=1064&format=png&auto=webp&s=bdfecd67c1a13903187c259586448d54031e563e",4,hot_take,hot_take,auto_v2
"Phyllis should have at least been considered in the beach day episode

Michael only considers the men of the office, when really the best candidate for regional manager is right under his nose. She’s got a sales background, and seems good at her job. Everyone likes her (except maybe Angela) and her only real flaw is being a bit of a shit-stirrer, but hey, Michael does that too. She gets on with the office and would be great at resolving disputes. Thank you for listening to my ted talk, Phyllis is underrated
Edit: This would also give a stronger alliance with Vance Refrigeration.",19,hot_take,hot_take,auto_v2
"Dwight&Angela>Jim&Pam

So it's my first cake day and I didn't notice until just now, (it's almost 11) and I'll feel bad about myself if I don't post something. Anyway, long time lover of the show here and I'd just like to state my probably pretty popular opinion that Dwight and Angela's relationship and romance just utterly blows Jim and Pam out of the water for sheer intensity, cuteness, passion and even depth. I'm a pretty emotionally active person, I like to find beauty or wholesomness in small things and nuances that makes me feel genuinely happy or sad, especially sad Idk I like to cry at movies and books sue me, and Dwight and Angelas wedding still makes me happy cry every goddamn time. Its just perfect. Ok I'm done. Also Kevin is a seriously underrated character, love you Kev.",9,hot_take,hot_take,auto_v2
"I know this is a circle jerky place to post this but I don’t even care- Yes consensus is Steve should’ve won an Emmy but I’ll do you one better: Every single year he was nominated he should have won in a landslide (Or at least 5/6)

I realized I never had actually checked to see who won over him, and Jesus.. it’s bad. 3 times Alec Baldwin won over him for 30 rock. Sigh. Look I love 30 Rock, it’s a brilliant show, and Alec always kills it but seriously? He’s not even like the 2nd best performance on the show. I mean maybeee give him one, but THREE TIMES?? Over Steve? I don’t even know. Then Ricky Gervais won for Extras. Haven’t watched that show so I guess I can’t really be sure on this one... but hm. I’ve seen both of them act in stuff and I guess I have trouble buying it. Finally Jim Parsons won twice for BBT. As someone who hates that show, I can appreciate that Jim murdered that role but I still don’t think it was as layered a performance comedically. A lot of fact recitation and just kind of being a dick is comedic brilliance I guess. 

I probably don’t even like The Office as much as most of y’all (more of PnR guy myself) so it’s not like I’m some overboard stan of this show, I just know when I’ve witnessed maybe the best comedic performance I’ve ever seen. Steve Carell WAS Michael Scott, rarely have I seen an actor just transform so effortlessly and confidently into a character. The subtle (also not so subtle) mannerisms, expressions, the inflections in his line readings, the ability to make normal lines fucking hilarious. I didn’t see anything close to this level in those other two performances. Obviously the Emmys have invalidated themselves many times (GOT Season 8 most recently) and will continue to, so I shouldn’t get worked up about it but here I am finishing this essay so fuck.",6,hot_take,hot_take,auto_v2
"Question about a time frame in the office

In the episode weight loss, Pam leaves for art school and says she’ll stay in New York for 3 months. From the time cards in the episode, we could see that it was early July when she left. So she should be back in around late September or early October. However, a few episodes later, she is shown still in New York during Halloween. And she didn’t come back in that episode either. So can someone explain why she seemed to be gone for over 3 months when she said it would only take 3?",5,hot_take,hot_take,auto_v2
"Whether you hate him or love him, you gotta admit, Andy became a decent salesman

In season 3, Andy is this annoying salesman that even Michael, the master that he is, couldn't salvage a sales call from.

In season 7, he's able to land a big sale despite Deangelo screwing things up initially.

Let's not forget about him winning a big client as the sole owner of Big Red Paper Company.

https://preview.redd.it/ny43lncbhnd51.png?width=1811&format=png&auto=webp&s=bbc7bb3b599467921bf04a2232ba00d5100d41fc",4,hot_take,hot_take,auto_v2
"I don’t see why you all hate seasons 8 and 9 so much.

Honestly without them I don’t think I would have finished the series.",10,hot_take,hot_take,auto_v2
"Why Pam is my favourite character

I’ve seen a lot of opinions on Pam on this sub. You love her, you hate her, you don’t care about her. I’ve seen it all! But I love her, and she’s an extremely important character to me, and one I look up to in many ways. I’m a bit of a timid person, and I can sometimes be a bit scared to express an opinion or disagree with someone. Think Pam in the very early seasons, not calling Michael out (sorry Michael, love you too) when he is being disrespectful. Over the course of the show, she truly finds herself and overcomes her fears, which is something I’d like to do someday. At the start, she was scared to get out of a relationship she wasn’t happy in, she was too scared to take a risk. She was too scared to follow her passions, to speak up. A real turning point in her journey for self-love and trust is walking on the coals, and it’s a super important scene for her and for me. She learns to take risks to get what she wants, and ends up very happy with a family she loves. And here’s the argument that people most often use to hate her: that she didn’t want to move her family for something she didn’t trust. But eventually, she takes one last risk, which she feels safe doing because of how much she’s grown. She gets an education in a field she loves, and learns and grows. On top of that, she’s also one of the kindest people in the office, comforting Angela when she’s not very kind to her, and she’s amicable with everyone. She’s funny as hell, and friendly on top of that. Even when Karen is dating the man she’s in love with, she’s kind to her, and even manages to be friends. That’s strength, and something rare in TV, two women being friends even with a love interest in the way. Anyway, sorry for the essay, I love Pam. She’s iconic, and a great character.",28,hot_take,hot_take,auto_v2
"Michael Scott - Take Me To Your Leader

Music Video

https://reddit.com/link/i0mt0o/video/wupilylk60e51/player",5,hot_take,hot_take,auto_v2
"When the branches merged, Jan probably should have fired Michael and just put Jim in charge. It would have saved everyone a lot of trouble.

And saved Jan a spiral into insanity.",4,hot_take,hot_take,auto_v2
"Am I the only one who liked Toby as a character and overall person?

I feel i cant be alone here, and maybe people just say they hate toby to relate to michael.",20,hot_take,hot_take,auto_v2
"Hot Take: Michael would’ve been mad or annoyed at Andy having his job

Michael’s whole life before holly (and his kids) was being the regional manager. Even though he kind of bullied Dwight, I know he probably would’ve been proud of him being manager (sooner). I think Michael would’ve been disgusted at just how horrible of a manager Andy was and how little it seemed like he cared for the job. Because even though Michael (in my opinion) was a HORRIBLE manager. Andy was just a dumpster fire.",3,hot_take,hot_take,auto_v2
"So I'm watching for the first time, and the cold open on s5e24 just bummed me out man

Poor Kevin, dropping his chili

That type of stuff always kills me to see someone despair at hard work lost and work desperately to fix it. I'm literally so bummed out that I don't even wanna watch anymore, jesus that fucking kills me. Did anyone here find that opening funny? If you did, have you no soul?

edit: I just needed to get this out of my system, I felt genuinely bad for like 20 minutes after that stuff. I have discovered that something worse is yet to come and that the majority of people here, seem to have no soul.",2,hot_take,hot_take,auto_v2
"Things to love about “Baby shower”

A recent viewing of Season 5 epsiode 4 “baby shower” has made me appreciate this episode a lot more than i did before. Below are the reasons why i love this episode and hopefully you will too after reading them.

- Michael and Jan’s mistreatment of Holly(I don’t like Holly).
- All the employees walking out on Jan as she is telling her bathtub birth story(gross)
- Michael mistaking the name of Jan’s baby to Astird.
- Strong possibility that Kevin is the father of Jan’s baby(deleted scene)
- Michael initiating relationship with Holly to spite Jan",2,hot_take,hot_take,auto_v2
"Unpopular Opinion: Andy was an amazing manager before Nellie ruined his character arc.

Andy was different enough from Michael to not be a clone of him, but still had that same sense of management style. You could tell he liked his coworkers and did everything he could for them.",12,hot_take,hot_take,auto_v2
"I recently rewatched the episode where Phyllis and Bob invite Jim and Pam to lunch and I have some thoughts?

Sooooo did they just invite Jim and Pam as like a kink thing? I always thought that Phyllis was being weirdly friendly inviting them on a double date and something about her and Bob's energy at that moment was kinda weird to me. Then of course at the restaurant they go off to the bathroom to have sex. But now I have a theory that they were probably dirty talking each other before they Invited Jim and Pam and thought it might be kinky and fun to go on a double date then have sex in the bathroom.... Like it seems like their plan the whole time? 

Is it just me or so other people think this an well? (Karen reference lol)",6,hot_take,hot_take,auto_v2
"We should've seen more of Jim as a manager and Michael as a salesman

Not only would we be able to see Micahel's revered sales talent, he would still try to take the spotlight from Jim, which would make for hilarous scenes.  I wish it lasted for more than 1 episode.",12,hot_take,hot_take,auto_v2
"Does anyone else love watching Pams expressions in the background when scenes take place?

Some off the top of my head 
*When Michael broke up with Jan over the phone then Jan showed up at his office. Through the blinds you can see Pam repeatedly turning from her computer to Michaels office. 
*When Erin and Andy was singing the Sabre song and Pam kept switching from looking pleased to uncomfortable. 
*When Michael pretended to fire Stanley and Pam was staring intensely in the background

They’re little things but I just love how she doesn’t maintain a blank expression when the attention isn’t on her.",10,hot_take,hot_take,auto_v2
"So Nate is just trolling Darryl the entire time huh?

Nate is love-able and goofy. We know he is not the sharpest tool in the shed but I truly believe he is just trolling everyone most of the time.

Especially our friend Darryl.

""The I will look so handsome for you, and oh how did you know? These are beautiful"" are perfect examples of Nate having the best time ever at everyone's enjoyment.

Now the exact part though that proved it to me was:

"" **I've never met Ravi personally, but I'm gonna go ahead and say, just having known you a short while, Brian, that I prefer Ravi. And again, I've never even met the guy.** ""

This is just straight up trolling. Nate has very little screen time and does not take any of it personally.

Love-able goofball or true deadpan comedy genius?",3,hot_take,hot_take,auto_v2
"I haven't watched the final episode

Is it just me or has anyone else not watched the final episode of the office on purpose? 
For me the office is more than just a TV show, It helped me go through my depression phase and boy was it a rollercoaster of emotions.
The reason why I haven't watched it yet is because knowing that I still have a few moments of the office yet to watch keeps me from thinking that it has officially ended, It's only a self created illusion in my head but I know there's always one episode of the office left for me to watch and that it hasn't ended yet.

Maybe one day I'll watch it but I am sure I'm going to be reaching for the box of tissues throughout the episode. 

Lets all just take a moment to appreciate how perfectly amazing the show was.

CIAO",14,hot_take,hot_take,auto_v2
"Am I the only one who HATES the episodes past season 5?

Season 5 is still good and interesting imo, but I just feel like the show drastically declined in quality & acting skills after that. 

The once-lovable characters somehow become super annoying, and it just doesn't have the same writing skills or charm. (Of course not counting Threat Level Midnight, I love that little movie) 

What do you guys think?",5,hot_take,hot_take,auto_v2
"I loved the office too much I started hating it.

This one is for the hardcore fans...

(I doubt anyone will read this, or upvote. But I needed to rant after s06e22, and I'm actually sure many would agree)

I loved it the first 2 times I watched the office, but by the 3rd time I start to see all the unfortunate trajectories many story lines took. 

I realize a sub about the office is expected to be all about the positive aspects about the office, but there is no other office sub to rant about the negatives. I just feel the writers were unfair to many of the characters. 

There are too many to list; I know I'm not the only one as I've seen similar criticisms on Instagram office posts. For example, I think there's unanimous agreement about Karen's story line. In fact, I recently found an [interview](https://m.youtube.com/watch?v=385414AVZcA) of hers where she even admits to feeling her character was treated unfairly and how that *crushed* her. 

Another main bummer for me is Andy and Erin's storyline. How long it took to come together (let's not even talk about how tormentingly long Jim and Pam's story was stretched before they ended up together), but also how very short they stayed together before it was ruined for no good reason.

Linked to that is another major and unjustified bummer: Michael and Erin's relationship. It really sucks and is inconsistent throughout. At times one can see how special and weird (in a good way) they clicked, but then all of a sudden (S06E22 ""Secretary's Day""– which I think is one of the worst episodes–) Andy asks Michael to take her out for lunch seeing how much she'd appreciate it, and he's all weirded out by her?? and her relationship with Andy is ruined.

Another warm and possible relationship that the writers never really spotted the potential in was between Andy and Oscar. They hit it off 2 times really well and you can see how friendly Andy is, and how Oscar was able to open up to him. That should have been capitalized on imo.

I know writers are human, and it's impossible to spot every downfall and potential strong story trajectory, some can be forgiven, but others are really unforgivable I think... Some tangents in characters' development are really incoherent and sign of bad writing and comprehension of the character depth and entire dimension (sorry I lack the proper literary-criticism jargon). Most obviously is Michael. The incosistent extremes his character takes are just abhorrent. 

Date Mike episode, blood donation episode, and others. How on Earth could it be explained that he can transform to a complete idiot in a matter of seconds? 

Thanks for listening... I just feel really bad for Andy, Erin, Karen, and Michael's inconsistencies. 

Show stretched for too damn long...

Thoughts?",4,hot_take,hot_take,auto_v2
"Michael & Holly

Is it just me or Does it often like they’re a real life couple? They have such great chemistry onscreen.",3,hot_take,hot_take,auto_v2
"Unpopular opinion: Toby was okay.

Most of the series, he's just being responsible, whereas michael just does dumb shit all the time.",14,hot_take,hot_take,auto_v2
"Unpopular Opinion: Season 8-9 of the Office were good...

Before you hate, I want to make it clear that I absolutely loved Michael's seasons. But I thought they actually did a great job once he left. I thought Robert California was hilarious. My first time around I didnt really find him funny but after I watched the series again, I actually really enjoyed him. I also liked Nellie. I hated that her character was introduced in such an un-empathetic way with her stealing Andy's job. I wish they had made Robert give her the job, because he's already such a good antagonist. But anyway, I felt like Nellie is smart, funny, quirky, and truly likeable in season 9. I also didn't mind Erin and Pete's story line. Yes, it's basically a rehash of the Roy-Pam-Jim love triangle, but I didn't mind it. Plus it was worth it when Andy brought back Gabe, which was amazing. And it was nice to see Erin finally date someone who treated her like a partner and a friend. I feel like Pete really helped her mature, and they had really good chemistry. I even warmed up to Pam and Jim's conflict. I do think that the writers made Pam a little too unreasonable when she let Jim stay at DM instead of going on that 3 month road trip. But other than that, I liked seeing how their lack of communication and non-confrontational natures came back to bite them when Jim decided to take the job in Philadelphia. 

I will admit that the boom guy was the worst lol. 

You don't have to agree, but I just wanted to provide another perspective :)

&#x200B;",24,hot_take,hot_take,auto_v2
"The Office speaking patterns of twelve main characters

I think every character in The Office has a simple abstract speaking pattern

you can formulate those patterns with the help of a few concepts that I hope will be intuitive enough (let's get to work:)

I will quote Dwight Schrute, Jim Halpert, Ryan Howard, Pam Beesly, Michael Scott, Andy Bernard, Creed Bratton, Kevin Malone, Stanley Hudson and Toby Flenderson and Angela Martin and Phyllis Vance

and I'll also make music band analogies in the comments

[Dwight Schrute](https://www.youtube.com/watch?v=GU2W_nlijx0) talk about *strongly/logically connected most important facts [at the moment]*

*""facts""* are just facts or events

- *Before I do anything, I ask myself, 'would an idiot do that?' And if the answer is yes, I do not do that thing*

- *Yes, I have a wig for every single person in the office. You never know when you're gonna need to bear a passing resemblance to someone.*

- *People underestimate the power of nostalgia. Nostalgia is truly one of the greatest human weaknesses... second only to the neck.*

-  *I wonder if king size sheets are called presidential sized in England. I really should have a tweeter account.*

- *Why are there so many people here? There's too many people on this earth. We need a new plague.*

Dwight both ""hides"" information and sees the world differently (like a secret agent and a survivalist in one person)



[Jim Halpert](https://www.youtube.com/watch?v=78SgHHz6kuQ) talks about *circumstances* leading to other *circumstances*

*""circumstances""* are special kind of facts, facts telling you about conditions or setup of a situation

- *Why don't I wanna go? Didn't expect to need a reason so let me think here. Um. I don't know any of these people, it's an obligation, I don't think talking paper in my free time (or in my work time,) and, did I use the word pointless?*

- *He has not stopped working... for a second. At 12:45, he sneezed, while keeping his eyes open, which I always thought was impossible. At 1:32 he peed. And I know that because he did that in an open soda bottle, under the desk, while filling out expense reports. And on the flip side, I've been so busy watching him that I haven't even started work. It's exhausting, being this vigilant. I'll probably have to go home early today.*

- *See, you're always saying there's something wrong with society, maybe there's something wrong with you?*

- *I MISS DWIGHT. CONGRATULATIONS, UNIVERSE. YOU WIN.*

Jim pays attention to circumstances on different levels (to concrete situation, to moral side of the deal and etc.), has a ""multiple reaction"" to everything

Jim is a principled man that doesn't forget his principles in any particular situation

**A little bit more about the idea:** concepts I described intersect very much; for a specific quote you often can make multiple descriptions, but if you consider multiple quotes you can see what description ""sticks""/""survives""


[Ryan Howard](https://www.youtube.com/watch?v=YIfYkzQtZb4) talks about *""strongly connected circumstances [most important at the moment]""*

Similar to Jim Halpert, but there's an intuitive difference

- *I'm such a perfectionist that I'd kinda rather not do it at all, than do a crappy version.*

- *I miss days when there was only one party I didn't want to go to.*

- *I'd rather she be alone than with somebody. Is that love?*

- *Earth. You don't have to be crazy to live here. But it helps.*

Ryan is ""out there"" immersed in his delusional ego or just thoughts yet deals with reality very closely



[Pam Beesly](https://www.youtube.com/watch?v=6jJ5SOtuMsw) talks about *circumstances* and *<the most important static circumstances>*

an example of ""static circumstances"" is ""I'm eating"", an example of ""dynamic circumstances"" is ""I'm going to get me some food""

- *<Michael, you couldn't even do that. Maybe I should be your boss.>* 

- *<There’s a lot of beauty in ordinary things. Isn’t that kind of the point?>*

- *<I don't care what they say about me. I just want to eat.>*

- *<When you're a kid you assume your parents are soul mates.> My kids are going <to be right about that.>*

- *<Be strong, trust yourself, love yourself,> conquer your fears, just go after <what you want! And act fast because life just isn’t that long.>*

Pam always holds the big picture in her head
 
Pam has a clear vision of the world and clear goals but not so confident feelings

**A little bit more about the idea:** markings are just a tool to help you see the patterns



[Michael Scott](https://www.youtube.com/watch?v=IBJJrZ5LAVQ) talks about *""multiple connected circumstances/facts [most important at the moment]""* (he kind of spits *pairs* of important circumstances/facts)

Michael in a way encapsulates both Jim and Ryan

- *Would I rather be feared or loved? Easy. Both. I want people to be afraid of how much they love me.*

- *The worst thing about prison was the Dementors. They were flying all over the place and they were scary and they’d come down and they’d suck the soul out of your body and it hurt!*

- *When the son of the deposed king of Nigeria emails you directly, asking for help, you help! His father ran the freaking country! Okay?*

- *Yes. It is true. I, Michael Scott, am signing up with an online dating service. Thousands of people have done it, and I am going to do it. I need a username, and... I have a great one. 'Little Kid Lover'. That way people will know exactly where my priorities are at.*

All Michael's motivation is on the outside and he just reacts to the world. But there's the catch — he reacts to his special (vision of the) world i.e. lives in his own world

i.e. what he tells or do is entirely something else for him than for you and me



[Andy Bernard](https://www.youtube.com/watch?v=SlBtQZnm_68) talks about *""the most important fact [at the moment]""*

Andy is similar to Dwight

- *I'll be the number-two guy here in Scranton in six weeks. How? Name repetition, personality mirroring, and never breaking off a handshake. I'm always thinking one step ahead. Like a... carpenter... that makes stairs.*

- *I've always been the guy who can rally other people to rebel. In high school, I organized a walk out over standardized testing. Got over 500 students to just skip the SATs. At the last second I chickened out, took it anyway got a twelve twenty. Always regretted it... I feel lachrymose.*

- *I went to Cornell. Ever heard of it? I graduated in four years, I never studied once, I was drunk the whole time, and I sang in the acapella group, 'Here Comes Treble'.*

- *Andy Bernard does not lose contests. He wins them. Or he quits them. Because they're unfair.*

Andy can become desperate with (or without) a goal

It is the ""shortest"" and most ""ragged"" pattern possible, every piece of such a talk is a self-sustained point


[Creed Bratton](https://www.youtube.com/watch?v=AeZ6a1A0-ow) talks about *important static circumstances* and **outcomes**

an **""outcome""** is some relatively major event/effect (good or bad, actual or hypothetical) that changes or sums up the matter

- Did one of you tell Stanley *that I have asthma.* *‘Cause I don’t.* **If this gets out, they won’t let me scuba.** *And if I can’t scuba, what am I working toward?*

- *Just pretend like we’re talking* **until the cops leave.**

- *I’m a pretty normal guy. I do one weird thing. I like to go in the women’s room for number two.* **I’ve been caught several times and I have paid dearly**

- *I run a small fake I.D. company from my car with a laminating machine* **that I swiped from the sheriff’s station.**

- **Creed Bratton has never declared bankruptcy.** *When Creed Bratton gets in trouble, he transfers his debt to William Charles Schneider.* (the latter is a mix of an outcome and a static circumstances 'cause Creed always does it)

Creed can reconcile life-long plans and insanely desperate measures to resolve a situation

Creed can hide information and reveal it [in an important moment](https://youtu.be/AeZ6a1A0-ow?t=142)



[Kevin Malone](https://www.youtube.com/watch?v=w4jI97DiHF8) talks about **""static circumstances""** and *""dynamic circumstances""*

- **Oh, what a summer.** *I ran over a turtle in the parking lot. But then I saved him by glueing his shell back together.* **I'm not that good at puzzles** *so I used stuff from around the office, but I couldn't get the pieces to fit right.* *Then one day while I was reaching for the glue, I crushed the shell again.* *But I rebuilt him a better shell that time. But then it turned out the turtle was already dead. Probably when I ran him over the first time.*

- **Good old Kevin. He'll do anything.** *Well guess what? I will not do a good job.*

- **Angel'a's cats are so cute. You just want to eat them. But you can't eat cats. You can't eat cats, Kevin.**

- **I do deserve a vacation.** *Sometimes Batman's gotta take off his cape.*

Kevin is a somewhat distant observer observing unfolding events on the static ""stage"" (as in a theater) of a calm life


[Stanley Hudson](https://www.youtube.com/watch?v=bqAhJcSQQG4) talks about *""facts indistinguishable from circumstances""*

- *It’s like I used to tell my wife. I do not apologize unless I think I’m wrong, and if you don’t like it, you can leave. And I say the same thing to my current wife, and I’ll say it to my next one, too.*

- *I took an extra shot of insulin in preparation for this cake today.*

- *I do not like pregnant women in my workspace. They’re always complaining. I have varicose veins, too. I have swollen ankles. I’m constantly hungry. Do you think my nipples don’t get sore too? Do you think I don’t need to know the fastest way to the hospital?*

- *Life is short. Drive fast and leave 
a sexy corpse.* (+) *Boy Have You Lost Your Mind, Cause I'll Help You Find It.*

A man, a warrior in the eye of the storm (of life)



[Toby Flenderson](https://www.youtube.com/watch?v=GRo32Ug22HY) talks about *""the most important circumstances [at the moment]""* often based around a key event

Toby's similar to Ryan and Stanley in a way

- *I have six roommates, which are better than friends because they have to give you one month's notice before they leave.*

- *I would start at the beginning, but I think I need to go farther back.*

- *Every Halloween I tell him the same thing; you can't bring weapons into the office, and every year he says the same thing; as soon as I get my weapons back I'm gonna kill you.*

- *Why would you need relocation if you already live in Scranton?*

Toby reminds me of an *""whatcha doing in my swamp?""* ogre and a someone who thinks about life in the context of casual circumstances 

Toby thinks very fast but is unwilling to talk much



[Angela Martin](https://www.youtube.com/watch?v=w8TeV93Ji7M) talks about a **fact** and provides *additional circumstances* to that fact

- **The man is wearing sandals.** *I don't need to see Oscar's toes at work!* **Gross!** *I mean it looks like he just got off the boat!*

- **Sometimes the clothes at Gap Kids are just too flashy.** *So, I'm forced to go to the American Girl store and order clothes for large colonial dolls*

- **I don't want to blame anyone in particular.** *I think everyone's to blame.*

- **I actually look forward to performance reviews.** *I did the youth beauty pageant circuit, and I enjoyed that quite a bit.* **I really enjoy being judged.** *I believe I hold up very well to even severe scrutiny.*

Angela slowly unravels (or accumulates) her thoughts and feelings 

Angela is very smart and brave person that can hang on an important thing


[Phyllis Vance](https://www.youtube.com/watch?v=PtwgCeKMhhY) talks about *""the most important fact [at the moment]""* and/or an **""outcome""**

- *I thought he knew about* **the [spoiler] I gave away**

- *Isn't it what you said to a bunch of my clients* **when you were stealing them** *that I didn't have enough time for them*

- **I think [spoiler]'s gonna cheat on me with his new secretary** *I said it out loud it's so silly*

- *If it makes you feel any better* **I never had an orgasm until I was 42 and then when I did it lasted**

Phyllis has a special vision of the world (maybe) but has nothing to hide and reacts to everyhting with her core without any surface layer


I believe those patterns are thinking patterns, they tell (in an abstract way) on what a character focuses on

You can view those patterns as different ""exposition roles"", each character tells you something about some layer of the situation

You also can try to ""arrange"" those patterns by how much a pattern focuses on a singular/important fact: **Stanley Hudson < Kevin Malone < Creed Bratton < Toby Flenderson & Jim Halpert < Ryan Howard < Angela Martin < Pam Beesly < Dwight Schrute & Phyllis Vance < Michael Scott < Andy Bernard** (my intuitive ordering here)

You can also view this as the farther you go the more context-independent or conditions-independent or context self-contained or absent of links to outside factors or """"open"""" it gets 

**P.S.**

I believe those patterns apply to real people (& music bands), so if it is true it is a discovery

So I want to help people or save the memory of them (making this memory valuable) through those patterns

Maybe some of you gave up and ""learned"" from life experience that you can't help others and don't have to think about it even once a day. But I didn't give up just yet.

When I make those analyzes I always remember real people and it overwhelms my heart, I am always thinking & remembering about someone 24/7

I know many old and very old people from our local chess club — don't want let them just be consumed by the deasease and be forgotten *(also my health is weak / my love 18 y/older than me is in another country & we can't meet now)*",12,hot_take,hot_take,auto_v2
"Their meatball parm is their worst sandwich!!!

Underrated arc but I absolutely love the Michael Scott Paper Company episodes. Anyone with me?",11,hot_take,hot_take,auto_v2
"This is a very good fan theory that was made by u/flaming_muffins that didn't get enough recognition.

The Office – Roy’s Affair Fan Theory

I’ve seen The Office from start to finish at least 8 times so I guess you could say I’m a pretty big fan. After a few times watching the show I began to formulate a fan theory. As far as I know, I am the first person to propose this and I have never seen it anywhere else on the internet.

The Theory: Roy had an affair with Angela at some point during his relationship/engagement Pam.

*GASP*

Here’s the evidence seen directly in the show:

• In the episode “The Fire” (s2e14) Roy says he’d hook up with Angela in the game “Who would you do?” showing that he has attraction towards her.

• In the episode “Casino Night” (s2ep22), Michael is opening the casino as Lady Fortune and he says “Old friends! New lovers!” and then there’s a shot of Roy and Angela sharing glances at each other (sort of the “let’s hook up” kind of glance). Then later in that episode, before Jim shares his feeling for Pam, we see Roy take off early from the casino night. Where was he going? To go hook up with Angela! Now I know this is stretching it but it makes sense given all of the rest of the evidence.

• In the episode “Cocktails” (s3ep18) you can briefly hear audio of Roy asking everybody at the bar if they want a drink and you can hear Angela saying something like “Oh, no thank you Roy, I’m…”. This line on its own doesn’t mean much but its more the way she says it that interests me. She sounds very flustered, the way a girl talking their crush sounds.

• In the same episode, when Pam says that she wants no secrets between her and Roy, Roy instantly becomes defensive and says that he totally could have done something (implying an affair) but he didn’t. The way he says this is definitely suspicious and is absolutely not convincing that he is innocent of an affair.

o This is a bit more of a stretch but it’s worth noting that this episode of The Office was directed by JJ Abrams. For those of you who haven’t seen JJ’s Lost, this TV show was full of small, hidden details that are very specific to JJ’s style. Even The Force Awakens had its own little curiosities. Most notably the cliff hanger ending (pun!) and the whole “who is Rey’s father?” thing.

• In the episode “The Negotiation” (s3ep19) Angela has more of her flustered speaking when Roy comes to get his last paycheck. She calls him “very strong” and Kevin snickers in the background (maybe Kevin knew about the affair, the way he knows about Oscar’s affair later on in the show).

Now let’s consider Angela’s role in all of this:

First off, we know that Angela is not shy when it comes to having multiple lovers at once. She cheated on Andy with Dwight, cheated on the senator with Dwight, and also mentioned two people named John dueling over her when she was “living in Ohio” (s5ep18). We also know that Angela has a strong hatred for Pam. This is seen countless times throughout the show. I believe this hatred might be because Roy chose to remain engaged to Pam, basically choosing Pam over her. She might have felt that without Pam, she could have had a stronger relationship with Roy.

Conclusion: Given this evidence, I believe it can be firmly stated that Roy cheated on Pam with Angela at some point during their relationship.",11,hot_take,hot_take,auto_v2
"If we took each episode and got rid of someone for a fireable offense, what order would they go and who would be the last one standing and what episode would it be?

I know firing someone would affect the next episodes in real life but let’s say that they’re already out of the running and take out the next person that does something. Let’s use:

-Michael
-Dwight 
-Jim 
-Pam
-Angela
-Oscar 
-Kevin
-Phyllis
-Stanley 
-Creed 
-Meredith 
-Kelly
-Ryan 
-Andy 
-Toby 
-Daryl",8,hot_take,hot_take,auto_v2
"The only thing that disappointed me about the show..

Toby's daughter Sasha (take your daughter to work day) never shows up again. I feel like it would have made some funny moments when Toby's being Toby and she's around so Michael has to bite his tongue or find a way to get back at him that is super indirect. Also, anyone know if there's a reason she doesn't show up again?",8,hot_take,hot_take,auto_v2
"Season 9 Andy is THE WORST

This is just a rant. Rewatching for the millionth time, and I am livid about what they did to Andy in season 9. Character development aside, some stuff he does is not even consistent with the Andy that was in every season before the last one. I am so mad at Andy and the writers room for what they did to his character. I mean, I was expecting him to be an annoying boss, but not an outright moron.",10,hot_take,hot_take,auto_v2
"Doesn't anyone ever think about Kelly's heart breaking when she watches the documentary and they get to the part where Ryan tries to get with Erin in Florida, only to say ""I'm in love with Kelly"" when he decides it's too long to wait for Erin?

I know the show often specialized in humor concerning the flaws of these characters, but that portion was just devastating to realize from an ex's perspective. Kelly really did want to be with Ryan and it was clear that he just enjoyed having her around for reasons other than actual love.

I get it was just a TV series, but you can't say that that wouldn't hurt Kelly seeing Ryan just go after another coworker like that, especially considering he's lied about other pursuits like the email that ""Karen sent him"". Upon viewing the documentary, she would have learned that it was him who pursued her, as well as Pam and practically everyone else.

Kelly knew what she was getting into taking Ryan back all the time and I get that that perverted form of Romeo and Juliet kind of love was a running gag in the show after a while, but I still feel bad for her. In terms of his personality, that is something irredeemable of him that occurred since the beginning of the series, his apathy and desire to just have someone he could fool around with.",13,hot_take,hot_take,auto_v2
"I never liked how Jim acted so clueless about what a 'Rundown' of his clients was.

I'll accept the idea that Charles was setting Jim up to fail when he asked him for a rundown of his clients, but I hated how clueless Jim acted on what he wanted.  It's clearly a list of his clients, how much they bought over the last quarter/year and expected new business.  

How is that confusing to anyone? Especially when they're in sales.",11,hot_take,hot_take,auto_v2
"I love how Pam becomes a mother to Michael in later seasons

In early seasons she just reacts to Michael. Sometime after the Michael Scott Paper Company and maybe her becoming a mom, she seems to actively take care of him. I just watched the scene where he tries to propose to Holly by writing words in fire in the parking lot. So funny",7,hot_take,hot_take,auto_v2
"The Office not on netflix rn?

Is it just me or is The Office not on Netflix right now?? It's always in my continue watching list and it's not there anymore...and when I search for it it doesn't show up either

&#x200B;

Edit: nvm guys, I had my vpn turned on, so netflix thought I was in another country. I was so sad for a solid 10 mins",3,hot_take,hot_take,auto_v2
"Unpopular Opinion: michael “needed” to leave the show

okay, okay, hear me out, imagine if michael was there for the others two seasons, okay he has holly they get married, has kids, then what? that covers about 15-20 episodes knowing the office😂,is he gonna keep being the micheal we know and love? not really and i say that because mike has already had a great character arc, if he had stayed his character would’ve been stale! You have to admit it, seeing the SAME mike antics after he has a wife and kids is just gonna be weird, at that point holly would’ve made him grow up a little, and even in the finale you can see how mature he is even with only two lines, i think it’s good that he left because it would be terrible to see mike end up like season 9 pam and andy.

what i would say is, i don’t think it should’ve gone on for as long as it did after mike left, i think just one 30 episode season would’ve been fine

anyways what do you guys think?",7,hot_take,hot_take,auto_v2
"A Huge Thank You To Team Kickstarter For Choosing Uncle Stan As A ""Project We Love""!

I would like to take a second and thank the wonderful team at Kickstarter for showing us just how much faith you have in our project and our ability to succeed in bringing the fans what they want to see. Getting a ""Project We Love"" stamp of approval from the team has been one of the highlights of our crowdfunding journey so far, and I would like to sincerely thank everyone who advocated for Uncle Stan. This is a true passion project, and I cannot wait for the fans to see what we have in store for them. Once again, thank you to every single fan who has shared, posted, and donated to the project, you are the driving force behind what makes this possible. I am so very excited to share this journey with you all.

[https://www.etonline.com/the-office-star-leslie-david-baker-on-kickstarting-his-spinoff-uncle-stanley-exclusive-149503](https://www.etonline.com/the-office-star-leslie-david-baker-on-kickstarting-his-spinoff-uncle-stanley-exclusive-149503)

www.TheUncleStanShow.com",152,hot_take,hot_take,auto_v2
"When was the first time Jim and Pam say “I love you” to each other.

No, I’m not talking about that moment in “Casino Night” when Jim confesses his love for Pam. I’m talking about the first time Jim and Pam say “I love you” to each other (probably sometime after they begin dating in Season 4).",6,hot_take,hot_take,auto_v2
"I really hate Michael during the christmas party episode

God he’s just a huge douche in the episode, like he’s not his usual cringy but loveable self he’s just mean spirited the whole time and also really dumb",11,hot_take,hot_take,auto_v2
"Let's review why Andy is a horrific manager and does not deserve your sympathy.

- He's a poor fit for the job and displays little to no actual managing ability. He's more a straight idiot than an idiot savant like Michael. Remember that Robert California's stated reason for hiring him boils down to ""sure you suck, but I can read you like a book so I pick you"". And you may recall that Robert ends up threatening to tank Sabre due to his terrible decision-making skills. And making Andy manager? Possibly his worst decision of all.

- He completely abandons his post as manager in season 8 for several days in order to drive down to Florida to see Erin, with no forewarning given to his workplace. When he returns, he's completely flabbergasted to find that his actions actually had consequences, and a replacement was chosen as a result of his display of supreme irresponsibility. Robert and Nellie both would have been well within their rights to fire Andy outright for this negligence, but were gracious enough to let him continue working as a salesperson despite him generally sucking at it. Andy throws a temper tantrum at them for daring to hold him accountable.

- Andy's insolence eventually gets him fired, and rightfully so. His response? Scheme to take down the CEO and get David Wallace back in charge so he can reinstate Andy as manager. It works. Andy's response is to get back at Nellie for daring to step up in his absence, and Toby has to threaten to testify against him if she sues for being fired without cause in order for Andy to keep her on. 

- Having accepted that Nellie is in the office, Andy does her damnedest to make her uncomfortable, even calling her in to outright tell her that he's going to be a total bitch to her. Shorty afterwards he pulls the entire office outside and acts like he's doing some managerial lesson with a tightrope just so he can physically shove Nellie off of it to humiliate her in front of everyone.

- Having apparently not learned anything from his Florida excursion, Andy goes from disappearing for three days to disappearing for three MONTHS and lies to David Wallace about it. When he returns he has the *audacity* to be baffled at the prospect that the rest of the office would hate him for it and that Erin would dump him.

Robert California had it right: Andy Bernard is an ineffectual, privileged, effete, soft-penis'd debutante. Seasons 8 and 9 have many problems, but I'll tell you the one that's most egregious, and its name is Andy Bernard. Truly an unsympathetic bastard.",10,hot_take,hot_take,auto_v2
"Unpopular opinion

I felt Will Ferrel’s (DeAngelo Vickers) arc in the office was appropriate and was not a waste of episodes. Will Ferrel is hilarious, and he was a great transition from Steve Carrel. I would have loved to see him in more episodes than I did James Spader.",11,hot_take,hot_take,auto_v2
"Question

Am I the only one who blinks uncontrollably when Dwight says “everyday for 8 years I have brought pepper spray into this office...”  ????",2,hot_take,hot_take,auto_v2
"Birthday gift help

Hello office fans. My girlfriend and I are huge office fans and I wanted to buy her a painting of us with an office theme. A very talented painter who frequents this sub agreed to take on the project. I need your help deciding on which scene to use. I was thinking of a Jim and Pam moment. Thank you in advance.",2,hot_take,hot_take,auto_v2
"Unpopular Opinion- Toby deserved better!

My first time watching the series I’d say I enjoyed it and found it quite hilarious. (Not that I changed my mind, I LOVE THE OFFICE), but as I rewatched the series a few more times (I start the series over every few months). I began to empathize with Toby. Michael had a tendency to be so mean to him and he was often disregarded and alienated. I don’t know why, but it makes me really feel  for his character. I just wish Toby had gotten his happy ending too.",16,hot_take,hot_take,auto_v2
"Another Creed theory that will never be confirmed

Creed. What an open book, right? One look at him, and you can discern his entire life history. He's just got that 'just another citizen' face, you know?

Yeah, not so much. Here's my two cents on what Creed is up to.

I think it's been well established throughout all nine seasons that Creed doesn't really live his life legally. And that he does something more illegal than bootlegging movies. The series finale shows ""Creed Bratton"" getting arrested.

From what we've seen, Creed has been shown as definitely not dumb. He knows how to handle weapons. He's an expert in psychological manipulation (as seen when he prevented his firing). That requires more than the global average of two brain cells.

Then why is this supposed criminal mastermind showing *very* questionable behaviour in front of a documentary crew? And it's not some obscure documentary, we're talking about PBS here. Hey, he straight-up *says* that he's doing something illegal a few times. Why would he do that? 

My theory is that Creed *wants* to be in jail. He consistently shows that he's up to something shady throughout the series, but never reveals exactly what. The first real taste of Creed we get is in S7E25/26, 'Search Committee'. Once Creed became manager, he began to cut ties with the biggest DM Scranton clients one by one. Due to the now meme-immortalised ingenuity by Pam, he's stopped. If he had been allowed to continue, there's only one way Creed could go.

DM Scranton has a lot of the company's high profile clients. It was (is) the best-performing branch and by far DM's biggest asset. If it suddenly looses all its clients, that brings a lot of attention on Creed. It wouldn't take long for Creed to go to jail after that. 

I honestly have no idea why he'd want to go to jail. But I think he's been spending all these years as an aged paper salesman laying low. He's either hiding from someone, or spying on someone. My bet is on the latter. What if the person/s he was spying on went to jail, to serve a long sentence. Creed immediately gets to work on that front. When Plan A doesn't work, he bides his time and works on Plan B: waiting for the documentary to release so he can 'get caught' then. That could be a reason why he suddenly shows up at the reunion. And also why he accepts Dwight firing him this time, as opposed to back then, early on in the series.

Wow, this is long. I'm gonna stop right here.",3,hot_take,hot_take,auto_v2
"The Michael Scott Paper Company should have worked

Given that MSPC was competing with a big company with countless employees, nicer office, warehouse, and tons of other expenses, they could have easily sold at a lower price than Dunder Mifflin and made a profit. If Ryan ran the numbers correctly, this would’ve worked",7,hot_take,hot_take,auto_v2
"TIL that Greg Daniels originally wanted Roy to ride into the church to stop the wedding dressed as a knight on a white horse.

Then he’d realize he didn’t have a chance, ride out and Dwight would offer to take the horse, then would ride it too close to the falls and we would see a white horse going over the falls in the background when Jim and Pam are on *Maid of the Mist.* 

He really needs to hire the writers who were able to talk him out of this for *Space Force.*",6,hot_take,hot_take,auto_v2
"Just finished ""The Office"" for the first time

I'm really late, I wish I had seen it many years ago, best show ever, had me crying all the last two episodes, Now I really don't know what to do with my life because I think i will never be able to enjoy a show and love every second of it like I did with this one. I used to say that F.R.I.E.N.D.S. was my favorite show and best show in the world, I was so wrong. 
Now I'm going to start ""Parks & Recreation"" but I feel like nothing can take beat this amazing show in my opinion, or maybe it's the hype of the moment, i don't know. I love that now I'm going to understand all the references and memes about the show!",13,hot_take,hot_take,auto_v2
"I feel like I still owe Dwight...

Because when I clench my buttocks, it really does take the pressure off my knees...",5,hot_take,hot_take,auto_v2
"I think Gabe had main character potential.

Before they made him all obsessive and possessive of Erin, anyway. I thought he was *reeeeaaaaally* well-utilized in the episode where he throws a Glee viewing party. I feel like *that* episode's take on Gabe had the vibes of a more socially adept Schrute and I wanted to see more of that, and less of the spineless, desperate-for-power creep they played him as outside of it.",18,hot_take,hot_take,auto_v2
"[Discussion] Watching the Diwali episode

Maybe this goes without asking but in the Diwali episode Pam says, “at least I’m not dressed like a slutty cheerleader.” Am I the only one who thought it was incredibly bitchy to say? She questions herself immediately by asking if it was mean to say. But I feel that doesn’t excuse it. It wasn’t as if Carol choose to dress that way.. Michael misled her.",3,hot_take,hot_take,auto_v2
"Customer Surveys

Is anyone else annoyed with Kelley for the way she acts towards Dwight and Jim in this episode? And, for me, it really comes down to one line. Her reason for doing what she did was, “you said you would try and you didn’t even try and come.”  The event of trying could have simply been them finding something better to do. Is them missing her party worth what she tried to take from them?",9,hot_take,hot_take,auto_v2
"Why do people hate Ryan as the boss?

After being boss he was awful but during his reign as boss it seems like he was genuinely trying to make the company better while Scranton Branch was just trying to make it harder for him to be successful, especially Michael and Kelly.",2,hot_take,hot_take,auto_v2
"Dwight and Pam's Friendship

...was the best friendship on the show imho. i don't know if this is an unpopular opinion (if it's unpopular, shame on this community) but i'm just throwing that out there",25,hot_take,hot_take,auto_v2
"Unpopular opinion

I actually liked the storyline where Jim and Pam had marital issues. It kept the show feeling more realistic and made me like them more as a couple. What are everyone else's thoughts?",6,hot_take,hot_take,auto_v2
"Erins name

I’m rewatching the office and am I the only one who forgot erins first name is kelly.",4,hot_take,hot_take,auto_v2
"""Goodbye Toby"" (the finale of season 4) is amazing.

- Michael meets Holly
- Jim finally stands up to Ryan, who's been giving him a hard time
- Phyllis throws her first work party and it's the best one yet
- Jim nearly proposes to Pam
- Andy and Angela get engaged
- Michael learns that Jan is pregnant
- Pam gets accepted into art school
- Ryan gets arrested for fraud
- Phyllis catches Angela and Dwight screwing in the office
- Toby leaves

Even if the show were an hour-long drama, that amount of plot development would take multiple episodes. It's like the entire series pivots on this episode, and much of the coming season revolves around what happens in it. I'm so impressed.",31,hot_take,hot_take,auto_v2
"unpopular opinion⚠️

personally, i think pete and erin’s relationship is cuter than jim and pam’s. don’t get me wrong, i LOVE jim and pam, but i thought the way erin and pete just clicked and spent all that time together on the task force was adorable.",15,hot_take,hot_take,auto_v2
"is it just me or does this not make sense?

holly and micheal start dating and corporate sends her away because of their relationship...but holly starts dating AJ in nashua and corporate does nothing?",8,hot_take,hot_take,auto_v2
"Dwight is the fastest person in the world by FAR.

Alright here me out. 

So on season 3 episode 8 Toby is bragging to Pam about him running a marathon. Long story short, dwight jumped in and asked Toby's miletime and Toby respectfully ran it in 7 minutes. Dwight claims to be able to smash that time so Pam pranked him to run around the building 4 times. If we can deduce that around the building is a quarter of a mile, that makes Dwight stupid fast. 

Pam didn't have any actual ambition to time him, but thats OK, cause I did. 

Pam tells him to go exactly at 1:45 in the episode, and at exactly 2:15 he finished his first lap! That is on average to a 2 minute mile!! To put it in perspective, the world record is 3:43 seconds!! 

Alright so that takes a lot of assumption, but wait, there is a LOT MORE!!!

By some google ""detective"" work, there is an address to where the office dig some shooting in season 1 before they made there replica. So I went on Google earth to measure it. The perimeter in meters of where he would mostly run was about 218 meters!!! Now doing some math, with 218 meter tracks, it would take 7.339 laps to make a mile, at 30 seconds a lap that is 220.17 seconds!! Orr 3.669 minutes. Now that equals 3 minutes 40 seconds!! Still beating the world record!! 

Not convinced?!? Well dwight also says his speed is somewhere between a mongoose and a snake! Seeing as there a bunch of different snakes, let's use mongoose. A mongoose top speed is 20 mph. Ooorrrrrrr a mile every 3 minutes!!!!!! The math adds up!! He is slightly less as fast as a mongoose!! 

Take that toby.",42,hot_take,hot_take,auto_v2
"Deangelo is the worst character of the show

because he's no character at all. Or, rather, he's like 5 characters in one. He's a completely different person in every episode he appears in, there was no consistency whatsoever. 

He may not be the most hateable character, and he does have some funny moments, but he's the worst written character by far.",14,hot_take,hot_take,auto_v2
"UNPOPULAR OPINION: I really like Nellie Bertram

Or maybe I just really like Catherine Tate. 

https://reddit.com/link/h9ttb4/video/29pwd47cf6551/player",9,hot_take,hot_take,auto_v2
"Office New Characters

Is it just me or every single new character introduced was annoying? But like I don't mean just the ones everyone hates like Nellie or Gabe, I mean everyone. 

  Like when Andy and Karen were brought in I just hated them. Andy was too annoying and Karen was awkward and didn't go with the gang's vibe. But after Karen left and Andy started to get more likable I started to like Andy. 

 Then there was Erin, she looked just not funny in the beginning. She was like a side character who just didn't make reception as likable like Pam did. But after Michael got back to Regional Manager she got more goofy and lovable. 

 Then Gabe the weirdo. My opinion on him hasn't changed. I still think they shouldn't have added him. He was just creepy and awkward. Like his obsession with Erin and taking it out on Andy when he was applying for Regional Manager. 

Then Robert California, I didn't hate Robert but there was just something about him that didn't get me to like him. He was just idk, he didn't go with The Office's vibe.

Then Nellie. Tbh I ended up liking her, at the beginning she seemed rude and just mean. In the Florida episodes she was like only there for benefits. Then she was just flat out annoying when she took Andy's Job. But after she became a regular she seemed more calm. I really like her friendship with Pam.

  Then there is Pete(New Jim, Plop) and Clark (Dwight Jr). I am neutral here, I don't hate them but I don't like them. I hated Pete and Erin's relationship. I feel like if the writers would have made Andy not an butthole, Andy and Erin would have worked out.

 But this is just my opinion, to be honest I like the first 2 seasons since they have only the classic gang. When I say classic Gang I mean Michael, Dwight, Jim, Pam, Stanley, Phyllis, Oscar, Angela, Kevin, Creed, Meredith, Kelly, and Ryan. Oh and also Toby but nobody cares about Toby.",5,hot_take,hot_take,auto_v2
"“Moroccan Christmas” (S5: E 11)

I’m rewatching this one for the first time in a while and it’s so underrated. I’m dead.😂Michael trying to “help” Meredith with her alcohol problem is amazing. Then after she lights her hair on fire kevin goes,”Fire girl” (a reference to Ryan as fire guy) and no one laughs. He looks at Jim and goes,”Too soon.” And Jim nods and says,”Yeah.” This show is a gift that just keeps giving.😂😂😂😂",8,hot_take,hot_take,auto_v2
"Office Instagram Group Chat

First off I hope this isn’t violating the rules and if it is lmk and I’ll immediately take it down. I made a group chat on Instagram for people who love the office just so we can talk about it and have fun if you’re interested pm me",4,hot_take,hot_take,auto_v2
"Kevin defending Pam

Was just researching s3e17 when Pam tells Roy that she kissed Jim at he casino night and I didn't spot this before but as Roy starts kicking off and throwing shit he starts to walk and tell in the direction of Pam and Kevin stands up just to the left of the frame with his fists up ready to fight Roy 

Things you love to see.",27,hot_take,hot_take,auto_v2
"What do you think is the best episode for each individual character?

There's episodes where a particular character is so amazing, be it from great jokes, a lot of good moments one after the other, or an emotional moment. Which episodes you think which individual character shines the most?",5,hot_take,hot_take,auto_v2
"(The Office) A Theory Of Events Taken Place Leading To The Catch Of The Scranton Strangler

&#x200B;

Robert Dunder and Robert Mifflin met in a Campus in 1949 and decide to start a company that sold brackets for construction. It eventually grows to be a paper product company.

Tobias Flenderson, born on February 22 1967. He grows up to be a Father at his local church but abandons his life to be with Kathy Becker. They have a daughter who they name Sasha. Years later they divorce when Toby finds Kathy cheating on him with his Middle School friend George Howard Skub. This leads Toby to have an undying rage for him.

In 1972, Mifflin kills himself with a gun due to depression.

Michael Scott is hired as Salesman for the Scranton branch in 1993 by Ed Truck

The company owners try to get rid of the older managers until Ed Truck threatens a lawsuit so they drop it.

Ed Truck retires in 2001 for unexplained reasons when Tom Peets threatens to snitch on him for not listening for depression complaints and not caring for the company.

Michaels Scott becomes Manager in 2001 replacing Ed’s position.

In 2001, Micheal Scott set up a recommendation box where his Employees could tell him anything. Tom puts in a slip of paper that says that Depression should be helped.

Michael never opened the box until a later year.

Tom Peets kills himself in 2004. Opening the position for Ryan Howard, the temp. Tom was Toby Flenderson’s best and only friend in the Office. So his loss caused a huge downfall for Toby.

Tim’s suicide leads the PBS Camera Crew to record the office to see how they deal with the loss of a former employee in 2005.

The office apparently didn’t show any remorse so the PBS people decide to switch gears and just record their lives.

(The Office series happens)

Toby grows a crush for Pamela Beesly, but after she starts dating Jim Halpert, Toby tries to tell her that he likes her. He, unfortunately, does this awkwardly and runs off to retire in Costa Rica. A few months later, Toby injures his neck and suddenly SNAPS.

Toby goes on a killing-spree and strangles a ton of people and takes on the name “The Scranton Strangler.” His first target being Meredith Palmer’s neighbour, he chose her neighbour to go first because he was George Howard Skub’s brother. He is unfortunately caught by Creed Bratton who doesn’t snitch but holds it over his head.

Sabre buys Dunder Mifflin

Toby Flenderson gets caught during one of his stranglings and goes on a chase with the Police. He stops at an apartment complex. The entire office watches the News as this unfolds. Toby decides to call his desk to confess to everyone about the killings, his crush on Pam, everything. But Kelly Kapoor hangs up. Toby chose this location for a reason, his wife’s boyfriend who she cheated with lived there. George Howard Skub. He pounds on his door and drags him out in a mask as he somehow gets him arrested and charged.

Toby attends the Jury on the case of George Howard Skub who is proven guilty for Toby’s crimes. A few seasons later, he tells Nellie Bertram the whole story. He doesn’t mention that he is the stranger, however. He just says that he believes George is not guilty. Toby then goes to the prison where George is held to confront him. He tells George that he was the Strangler and he framed him. “This is karma for taking my wife and child away” he curses at George. George snaps and attacks Toby by strangling him. This only makes him seem more like the strangler and is executed at the end of the year.

Credit: An underrated comment",4,hot_take,hot_take,auto_v2
"Please stop posting content from Facebook/Instagram meme pages

If you see a funny meme/screenshot on a meme page on a social media site, please don't bother posting it here. I guarantee you it will have already been posted here before. 

Generally when something goes viral on Instagram or a popular facebook page posts an Office meme, there's about 20-30 accounts that immediately post it here without checking if it's already been posted. The mod team then have to remove all the reposts. As a general rule of thumb, **these images have already been posted here a dozen times before and will just be removed.** 

If that's not enough for you - **these accounts literally steal content off of our subreddit**. If you're then stealing it from that account to post here, it's obviously a repost and you're starting a vicious cycle. Take [this instagram post for example](https://i.imgur.com/3jmEBbt.png) posted 4 days ago, it's stolen (word for word, they just copied the title) from [this post in our subreddit](https://redd.it/hjorcf) 10 days before. As you've guessed, that has then been posted back into the subreddit a few times since, which contributes to the ""waaa reposts"" comments and more work for us. 

Please help us keep this subreddit fresh and interesting. Reposts are fine if they've not been posted in 6 months - the show ended 7 years ago, it's hard to provide OC - but please don't just shamelessly steal posts for karma. 

We've had a few bot accounts that steal posts and copy the title word-for-word. These bots get banned. Don't stoop as low as they do.

Thanks,

Corporate",1989,hot_take,hot_take,auto_v2
"The Blues Tune Darryl Was Singing to with Michael. S05E06

Is it just me or it really sounds similar to Etta James' ""I Just Want to Make Love to You""?",3,hot_take,hot_take,auto_v2
"Why does everyone hate Jo Bennet so much

I love Kathy Bates as an actress, and I didn’t mind her role in the show at all. In fact, I thought she was actually a pretty funny and interesting character. 

Anyone agree that she gets a lot of hate? And if so, why?",4,hot_take,hot_take,auto_v2
"PSA: Rabies Awareness

The Office is a great show, and is no way a place to get info on medical things obviously. I just wanted to take a moment to touch on something that was joked about the on the show. 

Rabies. 

When Meredith is found out to have rabies after (spoiler) Michael hits her with his car, they joke that there’s already a cure. 

This is not true. Rabies is only curable for those who are asymptomatic, and tests for it are rarely done unless you ask after being bitten or scratched by an animal with rabies. It’s great that Meredith was found to have rabies before she showed symptoms. Because once you show symptoms, you’re already dead. 

The “fear of water” jokes are referencing a stage in rabies where you become extremely thirsty but trying to drink water results in your through closing and not allowing anything to go down. Your brain starts to literally melt and within a few weeks you’re dead. 

It was taken lightly and for good reason, it’s not Greys Anatomy or Scrubs or anything. But I just thought I’d take a moment to make this clear in case anyone thinks if they’re bitten by anything rabid they don’t have to do anything until they show symptoms.

Edit: Just one more tid bit of info about how serious rabies is. It’s the only virus with a 100% death rate once symptomatic. It’s scares the pants off of me!",10,hot_take,hot_take,auto_v2
"I have a theory on why so many cast members are suddenly starting to do their own podcasts and shows and would love to hear what you think.

Okay, so first we had ‘Office Ladies’ start back in October, which I love, by the way, then we’ve got Kevin, who has his podcast starting tomorrow I believe, and then we’ve got Stanley doing a kickstarter for a new show that he wants to do. This could have to do with other cast members seeing how well the reception of ‘Office Ladies’ has been, OR maybe the cast all had to sign some sort of non-compete agreement with the network or Netflix or something and the non-compete has lapsed. Does anyone think I may be on to something with this, or is it just coincidental and each of them in trying to cash in on the popularity of the show? It’s likely the latter but just wondered what you guys would think.",7,hot_take,hot_take,auto_v2
"I think I have a contender for best episode: The Injury.

The injury has everything you need, Friendships created (Pam & Dwigt) Ryan before he was corporate, Micheal being annoying, and us meeting a new character, Billy",10,hot_take,hot_take,auto_v2
"Unpopular Opinion

Unpopular opinion, but does anyone else think that Jim is kinda of a dick sometimes? I'm rewatching the series and even though his pranks are funny, they are sometimes mean. For instance, when he hid Andy's phone in the ceiling, I get he was being annoying but come on man.",12,hot_take,hot_take,auto_v2
"Just finished watching The Office for the first time!

Man I’ve been missing out",13,reaction,reaction,auto_v2
"Michael should have been more “involved” in the finale

after rewatching for the 3rd time, the finale still really hits hard. but i couldn’t help but think why mike wasn’t there for most of it, he has two lines and a couple shots of him in the present/previous episode(s) and also why is it when during the part where everyone talks about there experiences at the company no one brings up michael like at all?? i’m pretty sure mike was a big part of why they enjoyed there time at the company so much, i dunno i feel like the writers kinda scuffed him on that end, for show that basically revolves around him for 7 years he should have had more to say and been talked about more

does anyone know if there’s a specific reason why michael/steve was in it so little?",15,reaction,reaction,auto_v2
"Naughty Nellie Nutmeg was a far better character than Nellie Bertram

I do declare.",14,reaction,reaction,auto_v2
"Did Netflix remove the scene from “Dwight Christmas” where Nate gets Dwight’s text calling off the Zwarte Piet (Belsnickle’s black-faced partner) bit and turns around, back to his car?

I definitely get the hate for black face (I too, hate it) Painting your face black to make fun of black people is NOT okay... but seriously?!??! The whole point of the scene was to point out how absolutely ridiculous and in appropriate blackface is. They even call it outdated in the episode. I won’t go on a tangent here, but this is just stupid, I don’t need them putting parental controls on my TV shows.",16,reaction,reaction,auto_v2
"I can’t unsee Ultron as CEO of Dunder Mifflin when James Spader talks.

Do you think the Sabre tech has vibranium in it?",10,reaction,reaction,auto_v2
"Don't judge Catherine Tate soley on her character as Nellie

Just want to let people know that Catherine Tate is a fantastic actress and yes I agree her character was kind of shit in the office but blame the writers. Watch her in Dr who she rocks and she has a more ""common"" accent.",14,reaction,reaction,auto_v2
"Binging with Dad from the beginning

Every few minutes he just says ""what an IDIOT"", puts his head in his hands and can't stop laughing. Its now 1230am and he keeps saying ""Just ONE more!""....And honestly it's the absolute best. Figured you guys might appreciate.",33,reaction,reaction,auto_v2
"Jim is sensitive

I think one thing I've noticed is Jim pulls these endless pranks on Dwight, but when Dwight slightly mocks Jim, he gets butthurt and goes about his pranks.",12,reaction,reaction,auto_v2
"Don't ever, for any reason, do anything to anyone for any reason ever, no matter what, no matter where, or who, or who you are with, or where you are going, or where you've been... ever, for any reason whatsoever...

- Michael Scott",24,reaction,reaction,auto_v2
"Is that John krasinski

1st post, sorry for quality.

Have a great day!

https://preview.redd.it/ynz37xutf5451.jpg?width=1000&format=pjpg&auto=webp&s=13211dcbf40d53bc862977018297e41c8e61656c",14,reaction,reaction,auto_v2
"I just realized that Gil and Oscar are responsible for PB&J getting together. Hear me out.

If she hadn’t heard them talking about how she lacks courage, she never would have done what she did at Beach Day (after that episode she says often that she’s working on being more honest) and Jim probably would have gotten the job at corporate. Karen and her Missterious pantsuits would have moved along with him and they’d be married and living in a high rise in midtown Manhattan.",15,reaction,reaction,auto_v2
"So I just finished the office for the first time...

It was honestly the best show I’ve seen. I love modern family and they are both documentary’s. I haven’t teared up at a show in a while but that was the perfect ending for me. Michael turning up with a thats what she said joke.. amazing. And him Having a family which is all he’s ever wanted is great. Now I need to find another amazing series so if anyone knows a series like the office or modern family please tell me",14,reaction,reaction,auto_v2
"What are your favorite lines that are never quoted, if only because of how truly awkward and contextual they are?

Mine is when Erin says, ""Who says none of us are diarrheal? ;)""",19,reaction,reaction,auto_v2
"A mistake + Keleven gets you home by 7 *he was home by 4:45 that day*

Someone explain this to me like I'm 5.

They work 9-5, why would he be home by 7?",17,reaction,reaction,auto_v2
"“Wait, who is Sarikaya Komzin?” “No, Sarikaya comes in. Don’t interrupt.”

Genius.",18,reaction,reaction,auto_v2
"Just realized Michael drives back across town after the art show to frame and hang Pam's painting up. What a beautiful moment.

This is probably my 8th watch through and I keep catching stuff like this. Michael's enthusiasm after a long day to get Pam's art framed and hung that night, probably an added hour to his day, is just more evidence that this show is the best of all time.",16,reaction,reaction,auto_v2
"No office ladies podcast today?

Just wondering if anyone has any idea if they're releasing a new episode today since I don't already see one up there.",10,reaction,reaction,auto_v2
"Weight loss

So who was slacking off causing the office to gain weight during the corporate sponsored weight loss program?",11,reaction,reaction,auto_v2
"I think Toby was planning to kill himself after Dwights wedding.

I’ve been thinking this for a while and it’s just a theory but during the wedding he began suddenly crying when he was dancing with Pam. She asks him if he’s sad about her or Nellie but Toby responds with “It’s everything”. Then a few scenes later we see Darryl asking Toby if he will be attending the after party. Toby seems kind of depressed walking down the stairs as he dismisses the offer by saying “Nah I think I’m just gonna turn in early tonight”. After Andy and some others kept trying to convince him to go he was finally convinced and smiled knowing he still had friends in this life worth living for. I think that small act of kindness from Andy saved Toby in that moment. Just a reminder that this is just a theory and shouldn’t be taken seriously though if you have any more evidence of the theory then I’d enjoy reading about it.",82,reaction,reaction,auto_v2
"Who else relished Andy being mean to Nellie

I hated her in the 8th season, she got better in the 9th but I still loved to watch Andy being mean to her. I swear I have never been so angry as watching Nellie steak Andy’s job",10,reaction,reaction,auto_v2
"Why Did r/TheOffice Shut Down and Move to r/DunderMifflin?

Just as the title says.  Why Did r/TheOffice Shut Down and Move to r/DunderMifflin?  Why the need for that?",10,reaction,reaction,auto_v2
"The office podcast I want

The Office podcast I want has nothing to do with the events of the show. I solely want a podcast of Creed as Creed Bratton reviewing various plays and musicals...",10,reaction,reaction,auto_v2
"Goooooooooood MORNING V I E T N A M

Pretty sure Steve Carell has said 'Good Morning Vietnam!' more times than Robin Williams overall",19,reaction,reaction,auto_v2
"Benihana Christmas

i can’t be the only one who gets a little pissed off when dwight wanted to sit next to his group and the couple didn’t let him. JUST MOVE DOWN",26,reaction,reaction,auto_v2
"I'm a 28 yo guy and i cry like a baby watching the finale.

Yup.

Damn it felt like saying goodbye to all my best friends when school ends.

Thank you the Office.",24,reaction,reaction,auto_v2
"Everyone always talks about Scott’s Tots as being the cringiest moment on the show but

I always had way more second hand embarrassment when Jo yelled “ENOUGH” at Michael over booking a ticket to stay at her house in Tallahassee.

Another pretty cringey thing that happened in that same episode when Erin’s foster brother was groping her inner thigh while they play wrestled. *shudders*",36,reaction,reaction,auto_v2
"Just Finished The Office - Andy was Ruined

Title pretty much. Just finished The Office, and honestly, it’s one of the best shows I have ever seen. The comedy in this show will forever reign supreme than anything I have EVER seen. However, one thing has gotten me in the dumps - Andy. 

Now, when I first met Andy I thought he was annoying, like most of the audience did (I assume). But after anger management, he became such a good character, it wasn’t even funny. His development was so intense and was possibly one of the best I’ve ever seen in a show. Then when season 8 came around, he was honestly looking like the highlight, if not the main protagonist of the show. Robert California was right in the way people get inspired by the underdog. Michael gave Andy his top 10 clients for a reason. His commitment to the tattoo was great, the field trip they took was great. Literally every episode was a learning experience for Andy. Season 8 really captured the “Manager” position and it was Andy. He was genuinely a good boss. Ironically enough, he was the only guy who hadn’t cheated or slept with another woman whilst in a relationship. The whole Andy/Erin romance was cute too. They were perfect for each other. Then it all changed when Season 9 attacked. 

Literally it stripped and took away, and even skinned alive, ANY development Andy gained. You’re telling me: Andy was in this long relationship with some girl, then he decides she’s not the one, finally gets the girl he’s always had that ‘knack’ for, and now 3 months later he barely calls, checks up on, and is a dick to her?? What the hell?! It’s like a total character change! Not only that, BUT his whole arc to becoming a good manager once he strived, worked his ass off, and became a good friend; was totally wasted and gone in a flash. He was good before the Bahamas, but post boat trip Andy was just god awful. What really sealed the deal was when Erin got with Pete, thus ruining anything Andy had with Erin.  

The conclusion ends up with Andy becoming a laughing stock on the internet, and giving a final speech at Cornell. I think that was because the writers thought, “Oh god, hey. Maybe we can try and squeeeeze in that Andy from season 8.” And then his whole acting shtick/becoming famous plot, just.... ugh... it was a mess. He tried so hard to get Erin, SO hard. Then when he finally gets her, he treats her like crap. Andy (imo) would never do that. He didn’t do that to Angela, or his other girlfriend. What went wrong with his character? 

Andy Bernard, for me, at least, was probably the best character of season 8. Don’t know what changed in the following to come. What do you guys think about Andy Bernard’s character? Like him? Hate him? Tell me about it.",14,reaction,reaction,auto_v2
"When you see it

&#x200B;

https://preview.redd.it/6xf58j7l5d651.png?width=550&format=png&auto=webp&s=feddbb5f65b4c7531bd9df94499426a929ef4fca",13,reaction,reaction,auto_v2
"I just died laughing at Kevin correcting Andy.

I’ve seen the show a million times now, but I just rewatched the scene where Ryan comes into the branch as he’s working Jan’s job. Ryan started to get teased about starting the fire and Andy just joins in and Kevin says, “you weren’t here for that.” 

I have no idea why, but that just had my crying. Andy annoyed me so much with his yes man ways. The fact that Kevin said something was the icing on the cake. 🤣🤣",35,reaction,reaction,auto_v2
"Cece’s Godparents

Rewatching the show lately...isn’t it super weird that cece’s godparents are a couple that Pam met at mommy & me class? Considering both Jim & Pam have siblings.",13,reaction,reaction,auto_v2
"Dwight and Angela were meant to be together ...

The series re-started on Comedy Central this morning and in the first scene of the first episode, Dwight hums a thrash metal version of ""Little Drummer Boy,"" which we will later learn (Benihana Christmas) is Angela's favorite song.",10,reaction,reaction,auto_v2
"Andy was probably cancelled for dating a high schooler

Yeah, they never did anything illegal. But imagine what the doc viewers would think. The guy cant catch a break.",13,reaction,reaction,auto_v2
"I just watched the Office Wedding Dance Scene

It's literally the most wholesome thing I have ever scene. The way Michael looks  at Pam and Jim getting married ""officially' is just so aww. I love this show so so much I'm glad i listened to all the Reddit users  who've  referenced The Office quotes and memes all over Reddit.",12,reaction,reaction,auto_v2
"There are 40 rules all Schrute boys must learn before the age of 5.

#🎵Learn your rules, you better learn your rules, if you don’t, you’ll be eaten in your sleep grrkk 🎶#",10,reaction,reaction,auto_v2
"Hey all! Leslie David Baker here.

Hey everybody! I wanted to personally thank all of you for being some of the most amazing fans ever. My sincerest appreciation goes to all of you. I look forward to interacting more with everybody.",468,reaction,reaction,auto_v2
"Mrs. California and Andy

I just rewatched the Mrs. California episode and I was reminded that I really feel like Andy and Mrs. California would have made a very sweet couple. 
From the one episode she seems sensible but sweet and very patient which is exactly the kind of thing Andy needed. Someone to keep him in line but still allow/admire his never ending fuckery. Not to mention she basically flirted with him at the end of the episode. 
Thoughts?",11,reaction,reaction,auto_v2
"My sister is tripping on pain meds and she just said this:

Roses are red,

Summer is hot,

Not all of us are Michael freakin' Scott!",11,reaction,reaction,auto_v2
"all the memes aside, it was pretty cool of Dwight to help Jim out when Roy attacked him.

I mean, Jim constantly pranked Dwight and Dwight saw him as very unprofessional, yet as soon as he saw Roy attack him, he immediately jumped up and pepper sprayed the fuck out of him",20,reaction,reaction,auto_v2
"Finally finished watching all 9 seasons throughout lockdown

One of the best series I've ever watched, its directly responsible for my skewed sleeping pattern for the past month or two...


There were tears at the end but I was happy that's were it all ended off.",14,reaction,reaction,auto_v2
"WTF Pam?

Pam saying “At least I’m not dressed like a slutty cheerleader” in Diwali is some of the most unnecessary shade in the whole show.",10,reaction,reaction,auto_v2
"I just finished watching and I hate you guys!

I have watched the office so many times but never completed it. I always stopped watching after the episode Michael left. The show definately changed a lot after that, but because I read and saw so many posts online about how poor it got after that, I never tried to finish it.

But today I did! And Wow!! They ended it so well. Holy shit I almost cried when Michael came back, and that last dialogue from Andy about the good old days is the absolute best one ever spoken.

Yes there were a lot of cringy moments with Nelli and Andy being manager nd all, but overall it was beautiful and I Loved it. And I am glad that I have seen it!

""There is great beauty in ordinary things...""",14,reaction,reaction,auto_v2
"r/unpopularopinion?

Some of Dwights best stuff is in season 9... like in Vandalism... 
“Normally I find Pam to be a comforting, if unarousing, presence in the office. Like a well-watered fern. And I’m like, wow, Pam has kind of a good butt.”",26,reaction,reaction,auto_v2
"I am always shocked when I remember Ryan is one of the producers of the office

He looks so young. Not even a huge main character. I would’ve never guessed.",12,reaction,reaction,auto_v2
"Such a funny scene

I am just watching The Dinner Party episode and the scene where Jim intentionally answers Michale's charade questions wrong, and then suddenly answers ""TOM CRUISE"" (and then Michale's reaction) had got to be one of my favoriate scenes.",17,reaction,reaction,auto_v2
"Possible Andy theory

I just rewatched the office again and got to the St. Patrick's day episode and had a thought. Andy says that he borrowed his sisters field hockey skirt whentalking to Erin. I've seen a few people saying how his sister is never mentioned again, which made me think.

My theory is that Andy lies about having a sister so he doesn't have to explain why he owns a (kilt) skirt. I think that due to his love of theatrics and a capella, that Andy has a costume cupboard or collection. 

He is shown to have very detailed Halloween costumes (cat costume, biker),  appears in a theatre production and is able to convincing dress as a cleaner at the end of season 8 when he is waiting for David Wallace to arrive.",22,reaction,reaction,auto_v2
"Was rewatching and jim just ditches when Erin needs someone to be supportive. I usually find him charming, but CMON WHAT ARE YOU DOING? KINDA A DICK MOVE

&#x200B;

https://preview.redd.it/eor0pq1ns9951.png?width=625&format=png&auto=webp&s=dd5661b9e2a870944b9314ad50741b1bc4f60dfb

https://preview.redd.it/r8c6rlhos9951.png?width=611&format=png&auto=webp&s=706d4d2cb00feb1d248e7671396839efbbaedc7b",12,reaction,reaction,auto_v2
"An oral history of the office is now online on the spotify !!!

I have just listened all 3 episodes and I love it. I have to say it is so much better and different than the office ladies. Really good content.",10,reaction,reaction,auto_v2
"""It's called hentai and it's art."" (x-post from r/cosplaygirls)

[ Removed by reddit in response to a copyright notice. ]",11,reaction,reaction,auto_v2
"Why didn't Pam stick up herself when that dumb professor told her she was in the wrong class?

That shit always bothered me.",15,reaction,reaction,auto_v2
"Who else loves Nate and doesn’t think he gets enough credit

It’s not that I can’t hear, because that’s false. I can. Uh, I just can’t distinguish between everything I’m hearing.",18,reaction,reaction,auto_v2
"Identity theft is not a joke!

&#x200B;

[\(Attempt to create Dwight in GTA V Online\)](https://preview.redd.it/hnska8l4bw651.jpg?width=2560&format=pjpg&auto=webp&s=43ad9a421f3c27444155a7ab18f7b1d36207151b)",13,reaction,reaction,auto_v2
"If you're reading this, you're a lucky girl Michael has seduced..

Don't be scared of your night in heaven...",14,reaction,reaction,auto_v2
"I just realized that Erin doesn't like Holly because she sees her as like an evil stepmother.

I never really got why Erin was so cold to Holly. After my 239 time watching (listening to in the background while I browse reddit in a futile attempt to find meaning in my life), it just clicked.",37,reaction,reaction,auto_v2
"The Office Alphabet

Part of my father's day I got the Office Alphabet from my kids and I thought you might find it as funny as I did.

https://preview.redd.it/6pxx0kyzih651.jpg?width=3024&format=pjpg&auto=webp&s=edfb6171703e29b8fc9d667bbba6dc16634b535b

Edit - Forgot the pic

&#x200B;",17,reaction,reaction,auto_v2
"Can anyone else transcript Creed's sentence that he want's to translate when he becomes manager?

Heres my attempt. Frorfraudily gare flothgare busth thou e-burth sorbauch dah. 

[Reference](https://youtu.be/gW2LtX1217s?t=57)",10,reaction,reaction,auto_v2
"Such a sad scene

Bring your daughter to work day.

Michael on TV as a child “I want to get married and have 100 kids so I’d have 100 friends and nobody would be able to say no “

😢😢😢😢",20,reaction,reaction,auto_v2
"What is your favorite Kevin moment?

For me my favorite Kevin moment is in the episode costume contest . Kevin is teaching Gabe Lady Gaga moves and Michael says you can't go over my head and basically makes Kevin cry and says think I would let that happen again it makes me laugh every time",13,reaction,reaction,auto_v2
"SO I FINISHED THE OFFICE...and I have a lot to say!!!

Hey guys, I'm Barney, I started watching the office late last month and although the first episode was hard for me to get in, immediately I finished it and went to diversity day, I fell in love. The office is officially up there with my favorites like Breaking Bad, Bojack Horseman and Mr Robot. It's insanely smart, funny and emotional. I remember every cringy moment and I feel like I've finished an important part of my life. 

This show really helped me cause we're all home now and so I'm preparing for my final project from home and I've just been stressed but seeing everybody in the Dunder Miffling these past few weeks made me so happy. I mean, the chemistry between Jim and Pam, Dwight and Angela, Michael and Holly....okay, I'll add them too, Ryan and Kelly!!!!! This show was so so good.

 I mean, I liked everybody in it even the people who annoyed me a lot like Ryan, Robert Carlifonia and Deanjelo (I don't think Ryan is annoying as the other two, he's just a sly). Although overall I still think the show is perfect, I really felt the impact of Michael Leaving, I really cried when he got proposed and got his dundy moment but I  cried even more when he got to the airport and Pam hugged him goodbye. 

I honestly don't know what the point of this post is yet but I'll keep going either way, the office has amazing moments and I found myself trying to get pictures and videos of every moment from the very first episode till the finale. Jim and Pam's wedding has to be the best on screen wedding I've seen, Michael and Holly had the best proposal, Dwight and Angela had the best love arc although it was unnecessarily drawn out by the very annoying ninth season which imo messed up a lot of things that made the show so good and the biggest thing it messed up was Andy ""Nard Dog"" Bernard and it's so sad that him and Erin (the cutest secretary in the history of secretaries) not be the endgame but at least they didn't have her kissing Pete in the finale. 
I just loved them together and it made no sense to me that he would leave her for a cruise when he spent the last episodes of season 8 trying to get her back. I understand Ed Helms was going to shoot the hangover films but I honestly felt they could have postponed shooting the remaining episodes till he returned because I didn't finish the show earlier cause I couldn't stand seeing Andy who grew so much regress this bad. 

The season finale was one that really got me good, after I was done I told my little sister who co binged the whole show with me that I felt like Michael couldn't have been it more but she told me ""no, if he was in it more, you'd just want more of the show"" and I honestly felt that. While the ninth season was really boring and often dumb compared to the previous season the last season felt super wholesome during it's final episodes ""A.A.R.M"" and ""Finale"". 

The song Andy played in A.A.R.M wasn't as emotional as Michael's farewell song but it made me so so sad still and oh boy, Creed's song in the finale? Jesus, hit me hard. I feel like there's a lot more I want to say in the show, I feel like I might make a video but that's all I have to say for now. 

The office is easily one of those very amazing show you have to watch atleast once in your life and I'm happy I have convinced my friends to watch it, it made me so happy and it helped me temporarily suspend my sadness with my annoying project, I guess my only alternative now would be one piece and binging  YouTube videos about the office.

.....Oh yeah, and I'd like to hear what you guys feel about the show, the finale, characters I mentioned and the other great characters like Kevin(yes, he's great, the actor who plays him is amazing), Meredith, Oscar, Kelly, Creed, Stanley, Phyllis, Toby(I wonder if he was right about the strangler), etc,. Sorry for any typos or poor grammar, I wrote this once and just published it.",19,reaction,reaction,auto_v2
"one of my fav dwight lines

“this is fatty gruesome, he is...”
“i’m Patty Grossman, i’m a woman.”",10,reaction,reaction,auto_v2
"Why was Holly willing to do long distance with AJ but not Michael?

Genuinely do not understand this, can someone explain",14,reaction,reaction,auto_v2
"Trivia: At the end of Paper Airplane when Kevin accidentally pastes the plane to his hand, as he writes down ""less paste"" he says ""leth pathe"" suggesting he consumed some while making them

Never noticed on any rewatch and couldn't find it pointed out anywhere.",11,reaction,reaction,auto_v2
"Upopoular opinion

Nellie at the beginning was horrible but I was actually a great character at the end and I felt really bad for her.",14,reaction,reaction,auto_v2
"I found a clip where you can hear what Michael says to Pam at the airport!

I found this clip, it's a little hard to hear because of all the airport sounds, so turn your volume up.

I'm so happy we finally get to hear their conversation, it's just as good as I'd always imagined. 

http://imgur.com/a/4KenTVH",54,reaction,reaction,auto_v2
"in my mind Dwight immediately orders a bobble head of him holding a baby bobble head of his son

He later gets one of him, Phillip, and Angela and she pretends to hate the one of her but they all know she loves how much he loves it",11,reaction,reaction,auto_v2
"I just finished watching The Office!

Feels bittersweet, but they’re doing a reboot of i’m not mistaken?",10,reaction,reaction,auto_v2
"Did we actually like Plop and Dwight Jr?

I sure didn't. They weren't ""part"" of the whole show. My personal opinion, they arent the best",11,reaction,reaction,auto_v2
"I just finished the office for the first time

I know some of you have watched it 2+ times but I’m really gonna miss watching it for the first time",15,reaction,reaction,auto_v2
"I just finished watching the office for my first time and damn I cried so much.

I rarely cry but damn something about this show just made me cry so fucking much. Like Jesus I’ve been crying for like 5 minutes..",17,reaction,reaction,auto_v2
